
 /----------------------------------------------------------------------------\
 |                                                                            |
 |  yosys -- Yosys Open SYnthesis Suite                                       |
 |                                                                            |
 |  Copyright (C) 2012 - 2020  Claire Xenia Wolf <claire@yosyshq.com>         |
 |                                                                            |
 |  Permission to use, copy, modify, and/or distribute this software for any  |
 |  purpose with or without fee is hereby granted, provided that the above    |
 |  copyright notice and this permission notice appear in all copies.         |
 |                                                                            |
 |  THE SOFTWARE IS PROVIDED "AS IS" AND THE AUTHOR DISCLAIMS ALL WARRANTIES  |
 |  WITH REGARD TO THIS SOFTWARE INCLUDING ALL IMPLIED WARRANTIES OF          |
 |  MERCHANTABILITY AND FITNESS. IN NO EVENT SHALL THE AUTHOR BE LIABLE FOR   |
 |  ANY SPECIAL, DIRECT, INDIRECT, OR CONSEQUENTIAL DAMAGES OR ANY DAMAGES    |
 |  WHATSOEVER RESULTING FROM LOSS OF USE, DATA OR PROFITS, WHETHER IN AN     |
 |  ACTION OF CONTRACT, NEGLIGENCE OR OTHER TORTIOUS ACTION, ARISING OUT OF   |
 |  OR IN CONNECTION WITH THE USE OR PERFORMANCE OF THIS SOFTWARE.            |
 |                                                                            |
 \----------------------------------------------------------------------------/

 Yosys 0.33 (git sha1 2584903a060)


-- Executing script file `synthesis/run_yosys.ys' --

1. Executing Verilog-2005 frontend: rtl/phy_pkg.sv
Parsing SystemVerilog input from `rtl/phy_pkg.sv' to AST representation.
Successfully finished Verilog frontend.

2. Executing Verilog-2005 frontend: rtl/ltssm.sv
Parsing SystemVerilog input from `rtl/ltssm.sv' to AST representation.
Generating RTLIL representation for module `\ltssm'.
Successfully finished Verilog frontend.

3. Executing Verilog-2005 frontend: rtl/lane_striper.sv
Parsing SystemVerilog input from `rtl/lane_striper.sv' to AST representation.
Generating RTLIL representation for module `\lane_striper'.
Successfully finished Verilog frontend.

4. Executing Verilog-2005 frontend: rtl/lane_destriper.sv
Parsing SystemVerilog input from `rtl/lane_destriper.sv' to AST representation.
Generating RTLIL representation for module `\lane_destriper'.
Successfully finished Verilog frontend.

5. Executing Verilog-2005 frontend: rtl/lane_scrambler.sv
Parsing SystemVerilog input from `rtl/lane_scrambler.sv' to AST representation.
Generating RTLIL representation for module `\lane_scrambler'.
Warning: Replacing memory \lfsr_q with list of registers. See rtl/lane_scrambler.sv:54
Warning: Replacing memory \lfsr_d with list of registers. See rtl/lane_scrambler.sv:48
Successfully finished Verilog frontend.

6. Executing Verilog-2005 frontend: rtl/gray_pam4_tx.sv
Parsing SystemVerilog input from `rtl/gray_pam4_tx.sv' to AST representation.
Generating RTLIL representation for module `\gray_pam4_tx'.
Successfully finished Verilog frontend.

7. Executing Verilog-2005 frontend: rtl/gray_pam4_rx.sv
Parsing SystemVerilog input from `rtl/gray_pam4_rx.sv' to AST representation.
Generating RTLIL representation for module `\gray_pam4_rx'.
Successfully finished Verilog frontend.

8. Executing Verilog-2005 frontend: rtl/protocol_to_phy_tx.sv
Parsing SystemVerilog input from `rtl/protocol_to_phy_tx.sv' to AST representation.
Generating RTLIL representation for module `\protocol_to_phy_tx'.
Successfully finished Verilog frontend.

9. Executing Verilog-2005 frontend: rtl/protocol_to_phy_rx.sv
Parsing SystemVerilog input from `rtl/protocol_to_phy_rx.sv' to AST representation.
Generating RTLIL representation for module `\protocol_to_phy_rx'.
Successfully finished Verilog frontend.

10. Executing Verilog-2005 frontend: rtl/protocol_to_phy_top.sv
Parsing SystemVerilog input from `rtl/protocol_to_phy_top.sv' to AST representation.
Generating RTLIL representation for module `\protocol_to_phy_top'.
Successfully finished Verilog frontend.

11. Executing HIERARCHY pass (managing design hierarchy).

11.1. Analyzing design hierarchy..
Top module:  \protocol_to_phy_top
Used module:     \protocol_to_phy_rx
Used module:         \lane_destriper
Used module:         \lane_scrambler
Used module:         \gray_pam4_rx
Used module:     \protocol_to_phy_tx
Used module:         \gray_pam4_tx
Used module:         \lane_striper
Used module:     \ltssm

11.2. Analyzing design hierarchy..
Top module:  \protocol_to_phy_top
Used module:     \protocol_to_phy_rx
Used module:         \lane_destriper
Used module:         \lane_scrambler
Used module:         \gray_pam4_rx
Used module:     \protocol_to_phy_tx
Used module:         \gray_pam4_tx
Used module:         \lane_striper
Used module:     \ltssm
Removed 0 unused modules.

12. Executing SYNTH pass.

12.1. Executing HIERARCHY pass (managing design hierarchy).

12.1.1. Analyzing design hierarchy..
Top module:  \protocol_to_phy_top
Used module:     \protocol_to_phy_rx
Used module:         \lane_destriper
Used module:         \lane_scrambler
Used module:         \gray_pam4_rx
Used module:     \protocol_to_phy_tx
Used module:         \gray_pam4_tx
Used module:         \lane_striper
Used module:     \ltssm

12.1.2. Analyzing design hierarchy..
Top module:  \protocol_to_phy_top
Used module:     \protocol_to_phy_rx
Used module:         \lane_destriper
Used module:         \lane_scrambler
Used module:         \gray_pam4_rx
Used module:     \protocol_to_phy_tx
Used module:         \gray_pam4_tx
Used module:         \lane_striper
Used module:     \ltssm
Removed 0 unused modules.

12.2. Executing PROC pass (convert processes to netlists).

12.2.1. Executing PROC_CLEAN pass (remove empty switches from decision trees).
Cleaned up 0 empty switches.

12.2.2. Executing PROC_RMDEAD pass (remove dead branches from decision trees).
Marked 3 switch rules as full_case in process $proc$rtl/protocol_to_phy_rx.sv:23$2662 in module protocol_to_phy_rx.
Marked 3 switch rules as full_case in process $proc$rtl/protocol_to_phy_tx.sv:23$2653 in module protocol_to_phy_tx.
Marked 128 switch rules as full_case in process $proc$rtl/gray_pam4_rx.sv:0$2648 in module gray_pam4_rx.
Marked 128 switch rules as full_case in process $proc$rtl/gray_pam4_tx.sv:0$2646 in module gray_pam4_tx.
Marked 2 switch rules as full_case in process $proc$rtl/lane_scrambler.sv:52$2643 in module lane_scrambler.
Marked 1 switch rules as full_case in process $proc$rtl/ltssm.sv:143$15 in module ltssm.
Marked 22 switch rules as full_case in process $proc$rtl/ltssm.sv:0$4 in module ltssm.
Removed a total of 0 dead cases.

12.2.3. Executing PROC_PRUNE pass (remove redundant assignments in processes).
Removed 2 redundant assignments.
Promoted 7027 assignments to connections.

12.2.4. Executing PROC_INIT pass (extract init attributes).

12.2.5. Executing PROC_ARST pass (detect async resets in processes).
Found async reset \rst_n in `\protocol_to_phy_rx.$proc$rtl/protocol_to_phy_rx.sv:23$2662'.
Found async reset \rst_n in `\protocol_to_phy_tx.$proc$rtl/protocol_to_phy_tx.sv:23$2653'.
Found async reset \rst_n in `\lane_scrambler.$proc$rtl/lane_scrambler.sv:52$2643'.
Found async reset \rst_n in `\ltssm.$proc$rtl/ltssm.sv:143$15'.

12.2.6. Executing PROC_ROM pass (convert switches to ROMs).
Converted 0 switches.
<suppressed ~285 debug messages>

12.2.7. Executing PROC_MUX pass (convert decision trees to multiplexers).
Creating decoders for process `\protocol_to_phy_rx.$proc$rtl/protocol_to_phy_rx.sv:23$2662'.
     1/2: $0\valid_q[0:0]
     2/2: $0\data_q[255:0]
Creating decoders for process `\protocol_to_phy_tx.$proc$rtl/protocol_to_phy_tx.sv:23$2653'.
     1/2: $0\valid_q[0:0]
     2/2: $0\data_q[255:0]
Creating decoders for process `\gray_pam4_rx.$proc$rtl/gray_pam4_rx.sv:0$2648'.
     1/128: $128\b[1:0]
     2/128: $127\b[1:0]
     3/128: $126\b[1:0]
     4/128: $125\b[1:0]
     5/128: $124\b[1:0]
     6/128: $123\b[1:0]
     7/128: $122\b[1:0]
     8/128: $121\b[1:0]
     9/128: $120\b[1:0]
    10/128: $119\b[1:0]
    11/128: $118\b[1:0]
    12/128: $117\b[1:0]
    13/128: $116\b[1:0]
    14/128: $115\b[1:0]
    15/128: $114\b[1:0]
    16/128: $113\b[1:0]
    17/128: $112\b[1:0]
    18/128: $111\b[1:0]
    19/128: $110\b[1:0]
    20/128: $109\b[1:0]
    21/128: $108\b[1:0]
    22/128: $107\b[1:0]
    23/128: $106\b[1:0]
    24/128: $105\b[1:0]
    25/128: $104\b[1:0]
    26/128: $103\b[1:0]
    27/128: $102\b[1:0]
    28/128: $101\b[1:0]
    29/128: $100\b[1:0]
    30/128: $99\b[1:0]
    31/128: $98\b[1:0]
    32/128: $97\b[1:0]
    33/128: $96\b[1:0]
    34/128: $95\b[1:0]
    35/128: $94\b[1:0]
    36/128: $93\b[1:0]
    37/128: $92\b[1:0]
    38/128: $91\b[1:0]
    39/128: $90\b[1:0]
    40/128: $89\b[1:0]
    41/128: $88\b[1:0]
    42/128: $87\b[1:0]
    43/128: $86\b[1:0]
    44/128: $85\b[1:0]
    45/128: $84\b[1:0]
    46/128: $83\b[1:0]
    47/128: $82\b[1:0]
    48/128: $81\b[1:0]
    49/128: $80\b[1:0]
    50/128: $79\b[1:0]
    51/128: $78\b[1:0]
    52/128: $77\b[1:0]
    53/128: $76\b[1:0]
    54/128: $75\b[1:0]
    55/128: $74\b[1:0]
    56/128: $73\b[1:0]
    57/128: $72\b[1:0]
    58/128: $71\b[1:0]
    59/128: $70\b[1:0]
    60/128: $69\b[1:0]
    61/128: $68\b[1:0]
    62/128: $67\b[1:0]
    63/128: $66\b[1:0]
    64/128: $65\b[1:0]
    65/128: $64\b[1:0]
    66/128: $63\b[1:0]
    67/128: $62\b[1:0]
    68/128: $61\b[1:0]
    69/128: $60\b[1:0]
    70/128: $59\b[1:0]
    71/128: $58\b[1:0]
    72/128: $57\b[1:0]
    73/128: $56\b[1:0]
    74/128: $55\b[1:0]
    75/128: $54\b[1:0]
    76/128: $53\b[1:0]
    77/128: $52\b[1:0]
    78/128: $51\b[1:0]
    79/128: $50\b[1:0]
    80/128: $49\b[1:0]
    81/128: $48\b[1:0]
    82/128: $47\b[1:0]
    83/128: $46\b[1:0]
    84/128: $45\b[1:0]
    85/128: $44\b[1:0]
    86/128: $43\b[1:0]
    87/128: $42\b[1:0]
    88/128: $41\b[1:0]
    89/128: $40\b[1:0]
    90/128: $39\b[1:0]
    91/128: $38\b[1:0]
    92/128: $37\b[1:0]
    93/128: $36\b[1:0]
    94/128: $35\b[1:0]
    95/128: $34\b[1:0]
    96/128: $33\b[1:0]
    97/128: $32\b[1:0]
    98/128: $31\b[1:0]
    99/128: $30\b[1:0]
   100/128: $29\b[1:0]
   101/128: $28\b[1:0]
   102/128: $27\b[1:0]
   103/128: $26\b[1:0]
   104/128: $25\b[1:0]
   105/128: $24\b[1:0]
   106/128: $23\b[1:0]
   107/128: $22\b[1:0]
   108/128: $21\b[1:0]
   109/128: $20\b[1:0]
   110/128: $19\b[1:0]
   111/128: $18\b[1:0]
   112/128: $17\b[1:0]
   113/128: $16\b[1:0]
   114/128: $15\b[1:0]
   115/128: $14\b[1:0]
   116/128: $13\b[1:0]
   117/128: $12\b[1:0]
   118/128: $11\b[1:0]
   119/128: $10\b[1:0]
   120/128: $9\b[1:0]
   121/128: $8\b[1:0]
   122/128: $7\b[1:0]
   123/128: $6\b[1:0]
   124/128: $5\b[1:0]
   125/128: $4\b[1:0]
   126/128: $3\b[1:0]
   127/128: $2\b[1:0]
   128/128: $1\b[1:0]
Creating decoders for process `\gray_pam4_tx.$proc$rtl/gray_pam4_tx.sv:0$2646'.
     1/128: $128\g[1:0]
     2/128: $127\g[1:0]
     3/128: $126\g[1:0]
     4/128: $125\g[1:0]
     5/128: $124\g[1:0]
     6/128: $123\g[1:0]
     7/128: $122\g[1:0]
     8/128: $121\g[1:0]
     9/128: $120\g[1:0]
    10/128: $119\g[1:0]
    11/128: $118\g[1:0]
    12/128: $117\g[1:0]
    13/128: $116\g[1:0]
    14/128: $115\g[1:0]
    15/128: $114\g[1:0]
    16/128: $113\g[1:0]
    17/128: $112\g[1:0]
    18/128: $111\g[1:0]
    19/128: $110\g[1:0]
    20/128: $109\g[1:0]
    21/128: $108\g[1:0]
    22/128: $107\g[1:0]
    23/128: $106\g[1:0]
    24/128: $105\g[1:0]
    25/128: $104\g[1:0]
    26/128: $103\g[1:0]
    27/128: $102\g[1:0]
    28/128: $101\g[1:0]
    29/128: $100\g[1:0]
    30/128: $99\g[1:0]
    31/128: $98\g[1:0]
    32/128: $97\g[1:0]
    33/128: $96\g[1:0]
    34/128: $95\g[1:0]
    35/128: $94\g[1:0]
    36/128: $93\g[1:0]
    37/128: $92\g[1:0]
    38/128: $91\g[1:0]
    39/128: $90\g[1:0]
    40/128: $89\g[1:0]
    41/128: $88\g[1:0]
    42/128: $87\g[1:0]
    43/128: $86\g[1:0]
    44/128: $85\g[1:0]
    45/128: $84\g[1:0]
    46/128: $83\g[1:0]
    47/128: $82\g[1:0]
    48/128: $81\g[1:0]
    49/128: $80\g[1:0]
    50/128: $79\g[1:0]
    51/128: $78\g[1:0]
    52/128: $77\g[1:0]
    53/128: $76\g[1:0]
    54/128: $75\g[1:0]
    55/128: $74\g[1:0]
    56/128: $73\g[1:0]
    57/128: $72\g[1:0]
    58/128: $71\g[1:0]
    59/128: $70\g[1:0]
    60/128: $69\g[1:0]
    61/128: $68\g[1:0]
    62/128: $67\g[1:0]
    63/128: $66\g[1:0]
    64/128: $65\g[1:0]
    65/128: $64\g[1:0]
    66/128: $63\g[1:0]
    67/128: $62\g[1:0]
    68/128: $61\g[1:0]
    69/128: $60\g[1:0]
    70/128: $59\g[1:0]
    71/128: $58\g[1:0]
    72/128: $57\g[1:0]
    73/128: $56\g[1:0]
    74/128: $55\g[1:0]
    75/128: $54\g[1:0]
    76/128: $53\g[1:0]
    77/128: $52\g[1:0]
    78/128: $51\g[1:0]
    79/128: $50\g[1:0]
    80/128: $49\g[1:0]
    81/128: $48\g[1:0]
    82/128: $47\g[1:0]
    83/128: $46\g[1:0]
    84/128: $45\g[1:0]
    85/128: $44\g[1:0]
    86/128: $43\g[1:0]
    87/128: $42\g[1:0]
    88/128: $41\g[1:0]
    89/128: $40\g[1:0]
    90/128: $39\g[1:0]
    91/128: $38\g[1:0]
    92/128: $37\g[1:0]
    93/128: $36\g[1:0]
    94/128: $35\g[1:0]
    95/128: $34\g[1:0]
    96/128: $33\g[1:0]
    97/128: $32\g[1:0]
    98/128: $31\g[1:0]
    99/128: $30\g[1:0]
   100/128: $29\g[1:0]
   101/128: $28\g[1:0]
   102/128: $27\g[1:0]
   103/128: $26\g[1:0]
   104/128: $25\g[1:0]
   105/128: $24\g[1:0]
   106/128: $23\g[1:0]
   107/128: $22\g[1:0]
   108/128: $21\g[1:0]
   109/128: $20\g[1:0]
   110/128: $19\g[1:0]
   111/128: $18\g[1:0]
   112/128: $17\g[1:0]
   113/128: $16\g[1:0]
   114/128: $15\g[1:0]
   115/128: $14\g[1:0]
   116/128: $13\g[1:0]
   117/128: $12\g[1:0]
   118/128: $11\g[1:0]
   119/128: $10\g[1:0]
   120/128: $9\g[1:0]
   121/128: $8\g[1:0]
   122/128: $7\g[1:0]
   123/128: $6\g[1:0]
   124/128: $5\g[1:0]
   125/128: $4\g[1:0]
   126/128: $3\g[1:0]
   127/128: $2\g[1:0]
   128/128: $1\g[1:0]
Creating decoders for process `\lane_scrambler.$proc$rtl/lane_scrambler.sv:52$2643'.
     1/6: $3\l[31:0]
     2/6: $2\l[31:0]
     3/6: $0\lfsr_q[3][22:0]
     4/6: $0\lfsr_q[2][22:0]
     5/6: $0\lfsr_q[1][22:0]
     6/6: $0\lfsr_q[0][22:0]
Creating decoders for process `\lane_scrambler.$proc$rtl/lane_scrambler.sv:0$310'.
Creating decoders for process `\lane_destriper.$proc$rtl/lane_destriper.sv:0$45'.
Creating decoders for process `\lane_striper.$proc$rtl/lane_striper.sv:0$43'.
Creating decoders for process `\ltssm.$proc$rtl/ltssm.sv:0$17'.
Creating decoders for process `\ltssm.$proc$rtl/ltssm.sv:143$15'.
     1/2: $0\timer_q[31:0]
     2/2: $0\state_q[5:0]
Creating decoders for process `\ltssm.$proc$rtl/ltssm.sv:0$4'.
     1/35: $22\state_d[5:0]
     2/35: $21\state_d[5:0]
     3/35: $20\state_d[5:0]
     4/35: $13\timer_d[31:0]
     5/35: $19\state_d[5:0]
     6/35: $12\timer_d[31:0]
     7/35: $18\state_d[5:0]
     8/35: $11\timer_d[31:0]
     9/35: $17\state_d[5:0]
    10/35: $16\state_d[5:0]
    11/35: $15\state_d[5:0]
    12/35: $14\state_d[5:0]
    13/35: $10\timer_d[31:0]
    14/35: $13\state_d[5:0]
    15/35: $12\state_d[5:0]
    16/35: $11\state_d[5:0]
    17/35: $9\timer_d[31:0]
    18/35: $10\state_d[5:0]
    19/35: $8\timer_d[31:0]
    20/35: $9\state_d[5:0]
    21/35: $7\timer_d[31:0]
    22/35: $8\state_d[5:0]
    23/35: $6\timer_d[31:0]
    24/35: $7\state_d[5:0]
    25/35: $5\timer_d[31:0]
    26/35: $6\state_d[5:0]
    27/35: $4\timer_d[31:0]
    28/35: $5\state_d[5:0]
    29/35: $3\timer_d[31:0]
    30/35: $4\state_d[5:0]
    31/35: $2\timer_d[31:0]
    32/35: $3\state_d[5:0]
    33/35: $2\state_d[5:0]
    34/35: $1\state_d[5:0]
    35/35: $1\timer_d[31:0]

12.2.8. Executing PROC_DLATCH pass (convert process syncs to latches).
No latch inferred for signal `\gray_pam4_rx.\i' from process `\gray_pam4_rx.$proc$rtl/gray_pam4_rx.sv:0$2648'.
No latch inferred for signal `\gray_pam4_rx.\data_out' from process `\gray_pam4_rx.$proc$rtl/gray_pam4_rx.sv:0$2648'.
No latch inferred for signal `\gray_pam4_rx.\b' from process `\gray_pam4_rx.$proc$rtl/gray_pam4_rx.sv:0$2648'.
No latch inferred for signal `\gray_pam4_rx.\g' from process `\gray_pam4_rx.$proc$rtl/gray_pam4_rx.sv:0$2648'.
No latch inferred for signal `\gray_pam4_tx.\i' from process `\gray_pam4_tx.$proc$rtl/gray_pam4_tx.sv:0$2646'.
No latch inferred for signal `\gray_pam4_tx.\symbols_out' from process `\gray_pam4_tx.$proc$rtl/gray_pam4_tx.sv:0$2646'.
No latch inferred for signal `\gray_pam4_tx.\b' from process `\gray_pam4_tx.$proc$rtl/gray_pam4_tx.sv:0$2646'.
No latch inferred for signal `\gray_pam4_tx.\g' from process `\gray_pam4_tx.$proc$rtl/gray_pam4_tx.sv:0$2646'.
No latch inferred for signal `\lane_scrambler.\l' from process `\lane_scrambler.$proc$rtl/lane_scrambler.sv:0$310'.
No latch inferred for signal `\lane_scrambler.\lane_data_out' from process `\lane_scrambler.$proc$rtl/lane_scrambler.sv:0$310'.
No latch inferred for signal `\lane_scrambler.$for_loop$47[0].$unnamed_block$48.scr_result' from process `\lane_scrambler.$proc$rtl/lane_scrambler.sv:0$310'.
No latch inferred for signal `\lane_scrambler.\scramble_word$func$rtl/lane_scrambler.sv:46$50.$result' from process `\lane_scrambler.$proc$rtl/lane_scrambler.sv:0$310'.
No latch inferred for signal `\lane_scrambler.\scramble_word$func$rtl/lane_scrambler.sv:46$50.d' from process `\lane_scrambler.$proc$rtl/lane_scrambler.sv:0$310'.
No latch inferred for signal `\lane_scrambler.\scramble_word$func$rtl/lane_scrambler.sv:46$50.s' from process `\lane_scrambler.$proc$rtl/lane_scrambler.sv:0$310'.
No latch inferred for signal `\lane_scrambler.\scramble_word$func$rtl/lane_scrambler.sv:46$50.y' from process `\lane_scrambler.$proc$rtl/lane_scrambler.sv:0$310'.
No latch inferred for signal `\lane_scrambler.\scramble_word$func$rtl/lane_scrambler.sv:46$50.st' from process `\lane_scrambler.$proc$rtl/lane_scrambler.sv:0$310'.
No latch inferred for signal `\lane_scrambler.\scramble_word$func$rtl/lane_scrambler.sv:46$50.k' from process `\lane_scrambler.$proc$rtl/lane_scrambler.sv:0$310'.
No latch inferred for signal `\lane_scrambler.\lfsr_next$func$rtl/lane_scrambler.sv:36$51.$result' from process `\lane_scrambler.$proc$rtl/lane_scrambler.sv:0$310'.
No latch inferred for signal `\lane_scrambler.\lfsr_next$func$rtl/lane_scrambler.sv:36$51.s' from process `\lane_scrambler.$proc$rtl/lane_scrambler.sv:0$310'.
No latch inferred for signal `\lane_scrambler.\lfsr_next$func$rtl/lane_scrambler.sv:36$51.n' from process `\lane_scrambler.$proc$rtl/lane_scrambler.sv:0$310'.
No latch inferred for signal `\lane_scrambler.\lfsr_next$func$rtl/lane_scrambler.sv:36$52.$result' from process `\lane_scrambler.$proc$rtl/lane_scrambler.sv:0$310'.
No latch inferred for signal `\lane_scrambler.\lfsr_next$func$rtl/lane_scrambler.sv:36$52.s' from process `\lane_scrambler.$proc$rtl/lane_scrambler.sv:0$310'.
No latch inferred for signal `\lane_scrambler.\lfsr_next$func$rtl/lane_scrambler.sv:36$52.n' from process `\lane_scrambler.$proc$rtl/lane_scrambler.sv:0$310'.
No latch inferred for signal `\lane_scrambler.\lfsr_next$func$rtl/lane_scrambler.sv:36$53.$result' from process `\lane_scrambler.$proc$rtl/lane_scrambler.sv:0$310'.
No latch inferred for signal `\lane_scrambler.\lfsr_next$func$rtl/lane_scrambler.sv:36$53.s' from process `\lane_scrambler.$proc$rtl/lane_scrambler.sv:0$310'.
No latch inferred for signal `\lane_scrambler.\lfsr_next$func$rtl/lane_scrambler.sv:36$53.n' from process `\lane_scrambler.$proc$rtl/lane_scrambler.sv:0$310'.
No latch inferred for signal `\lane_scrambler.\lfsr_next$func$rtl/lane_scrambler.sv:36$54.$result' from process `\lane_scrambler.$proc$rtl/lane_scrambler.sv:0$310'.
No latch inferred for signal `\lane_scrambler.\lfsr_next$func$rtl/lane_scrambler.sv:36$54.s' from process `\lane_scrambler.$proc$rtl/lane_scrambler.sv:0$310'.
No latch inferred for signal `\lane_scrambler.\lfsr_next$func$rtl/lane_scrambler.sv:36$54.n' from process `\lane_scrambler.$proc$rtl/lane_scrambler.sv:0$310'.
No latch inferred for signal `\lane_scrambler.\lfsr_next$func$rtl/lane_scrambler.sv:36$55.$result' from process `\lane_scrambler.$proc$rtl/lane_scrambler.sv:0$310'.
No latch inferred for signal `\lane_scrambler.\lfsr_next$func$rtl/lane_scrambler.sv:36$55.s' from process `\lane_scrambler.$proc$rtl/lane_scrambler.sv:0$310'.
No latch inferred for signal `\lane_scrambler.\lfsr_next$func$rtl/lane_scrambler.sv:36$55.n' from process `\lane_scrambler.$proc$rtl/lane_scrambler.sv:0$310'.
No latch inferred for signal `\lane_scrambler.\lfsr_next$func$rtl/lane_scrambler.sv:36$56.$result' from process `\lane_scrambler.$proc$rtl/lane_scrambler.sv:0$310'.
No latch inferred for signal `\lane_scrambler.\lfsr_next$func$rtl/lane_scrambler.sv:36$56.s' from process `\lane_scrambler.$proc$rtl/lane_scrambler.sv:0$310'.
No latch inferred for signal `\lane_scrambler.\lfsr_next$func$rtl/lane_scrambler.sv:36$56.n' from process `\lane_scrambler.$proc$rtl/lane_scrambler.sv:0$310'.
No latch inferred for signal `\lane_scrambler.\lfsr_next$func$rtl/lane_scrambler.sv:36$57.$result' from process `\lane_scrambler.$proc$rtl/lane_scrambler.sv:0$310'.
No latch inferred for signal `\lane_scrambler.\lfsr_next$func$rtl/lane_scrambler.sv:36$57.s' from process `\lane_scrambler.$proc$rtl/lane_scrambler.sv:0$310'.
No latch inferred for signal `\lane_scrambler.\lfsr_next$func$rtl/lane_scrambler.sv:36$57.n' from process `\lane_scrambler.$proc$rtl/lane_scrambler.sv:0$310'.
No latch inferred for signal `\lane_scrambler.\lfsr_next$func$rtl/lane_scrambler.sv:36$58.$result' from process `\lane_scrambler.$proc$rtl/lane_scrambler.sv:0$310'.
No latch inferred for signal `\lane_scrambler.\lfsr_next$func$rtl/lane_scrambler.sv:36$58.s' from process `\lane_scrambler.$proc$rtl/lane_scrambler.sv:0$310'.
No latch inferred for signal `\lane_scrambler.\lfsr_next$func$rtl/lane_scrambler.sv:36$58.n' from process `\lane_scrambler.$proc$rtl/lane_scrambler.sv:0$310'.
No latch inferred for signal `\lane_scrambler.\lfsr_next$func$rtl/lane_scrambler.sv:36$59.$result' from process `\lane_scrambler.$proc$rtl/lane_scrambler.sv:0$310'.
No latch inferred for signal `\lane_scrambler.\lfsr_next$func$rtl/lane_scrambler.sv:36$59.s' from process `\lane_scrambler.$proc$rtl/lane_scrambler.sv:0$310'.
No latch inferred for signal `\lane_scrambler.\lfsr_next$func$rtl/lane_scrambler.sv:36$59.n' from process `\lane_scrambler.$proc$rtl/lane_scrambler.sv:0$310'.
No latch inferred for signal `\lane_scrambler.\lfsr_next$func$rtl/lane_scrambler.sv:36$60.$result' from process `\lane_scrambler.$proc$rtl/lane_scrambler.sv:0$310'.
No latch inferred for signal `\lane_scrambler.\lfsr_next$func$rtl/lane_scrambler.sv:36$60.s' from process `\lane_scrambler.$proc$rtl/lane_scrambler.sv:0$310'.
No latch inferred for signal `\lane_scrambler.\lfsr_next$func$rtl/lane_scrambler.sv:36$60.n' from process `\lane_scrambler.$proc$rtl/lane_scrambler.sv:0$310'.
No latch inferred for signal `\lane_scrambler.\lfsr_next$func$rtl/lane_scrambler.sv:36$61.$result' from process `\lane_scrambler.$proc$rtl/lane_scrambler.sv:0$310'.
No latch inferred for signal `\lane_scrambler.\lfsr_next$func$rtl/lane_scrambler.sv:36$61.s' from process `\lane_scrambler.$proc$rtl/lane_scrambler.sv:0$310'.
No latch inferred for signal `\lane_scrambler.\lfsr_next$func$rtl/lane_scrambler.sv:36$61.n' from process `\lane_scrambler.$proc$rtl/lane_scrambler.sv:0$310'.
No latch inferred for signal `\lane_scrambler.\lfsr_next$func$rtl/lane_scrambler.sv:36$62.$result' from process `\lane_scrambler.$proc$rtl/lane_scrambler.sv:0$310'.
No latch inferred for signal `\lane_scrambler.\lfsr_next$func$rtl/lane_scrambler.sv:36$62.s' from process `\lane_scrambler.$proc$rtl/lane_scrambler.sv:0$310'.
No latch inferred for signal `\lane_scrambler.\lfsr_next$func$rtl/lane_scrambler.sv:36$62.n' from process `\lane_scrambler.$proc$rtl/lane_scrambler.sv:0$310'.
No latch inferred for signal `\lane_scrambler.\lfsr_next$func$rtl/lane_scrambler.sv:36$63.$result' from process `\lane_scrambler.$proc$rtl/lane_scrambler.sv:0$310'.
No latch inferred for signal `\lane_scrambler.\lfsr_next$func$rtl/lane_scrambler.sv:36$63.s' from process `\lane_scrambler.$proc$rtl/lane_scrambler.sv:0$310'.
No latch inferred for signal `\lane_scrambler.\lfsr_next$func$rtl/lane_scrambler.sv:36$63.n' from process `\lane_scrambler.$proc$rtl/lane_scrambler.sv:0$310'.
No latch inferred for signal `\lane_scrambler.\lfsr_next$func$rtl/lane_scrambler.sv:36$64.$result' from process `\lane_scrambler.$proc$rtl/lane_scrambler.sv:0$310'.
No latch inferred for signal `\lane_scrambler.\lfsr_next$func$rtl/lane_scrambler.sv:36$64.s' from process `\lane_scrambler.$proc$rtl/lane_scrambler.sv:0$310'.
No latch inferred for signal `\lane_scrambler.\lfsr_next$func$rtl/lane_scrambler.sv:36$64.n' from process `\lane_scrambler.$proc$rtl/lane_scrambler.sv:0$310'.
No latch inferred for signal `\lane_scrambler.\lfsr_next$func$rtl/lane_scrambler.sv:36$65.$result' from process `\lane_scrambler.$proc$rtl/lane_scrambler.sv:0$310'.
No latch inferred for signal `\lane_scrambler.\lfsr_next$func$rtl/lane_scrambler.sv:36$65.s' from process `\lane_scrambler.$proc$rtl/lane_scrambler.sv:0$310'.
No latch inferred for signal `\lane_scrambler.\lfsr_next$func$rtl/lane_scrambler.sv:36$65.n' from process `\lane_scrambler.$proc$rtl/lane_scrambler.sv:0$310'.
No latch inferred for signal `\lane_scrambler.\lfsr_next$func$rtl/lane_scrambler.sv:36$66.$result' from process `\lane_scrambler.$proc$rtl/lane_scrambler.sv:0$310'.
No latch inferred for signal `\lane_scrambler.\lfsr_next$func$rtl/lane_scrambler.sv:36$66.s' from process `\lane_scrambler.$proc$rtl/lane_scrambler.sv:0$310'.
No latch inferred for signal `\lane_scrambler.\lfsr_next$func$rtl/lane_scrambler.sv:36$66.n' from process `\lane_scrambler.$proc$rtl/lane_scrambler.sv:0$310'.
No latch inferred for signal `\lane_scrambler.\lfsr_next$func$rtl/lane_scrambler.sv:36$67.$result' from process `\lane_scrambler.$proc$rtl/lane_scrambler.sv:0$310'.
No latch inferred for signal `\lane_scrambler.\lfsr_next$func$rtl/lane_scrambler.sv:36$67.s' from process `\lane_scrambler.$proc$rtl/lane_scrambler.sv:0$310'.
No latch inferred for signal `\lane_scrambler.\lfsr_next$func$rtl/lane_scrambler.sv:36$67.n' from process `\lane_scrambler.$proc$rtl/lane_scrambler.sv:0$310'.
No latch inferred for signal `\lane_scrambler.\lfsr_next$func$rtl/lane_scrambler.sv:36$68.$result' from process `\lane_scrambler.$proc$rtl/lane_scrambler.sv:0$310'.
No latch inferred for signal `\lane_scrambler.\lfsr_next$func$rtl/lane_scrambler.sv:36$68.s' from process `\lane_scrambler.$proc$rtl/lane_scrambler.sv:0$310'.
No latch inferred for signal `\lane_scrambler.\lfsr_next$func$rtl/lane_scrambler.sv:36$68.n' from process `\lane_scrambler.$proc$rtl/lane_scrambler.sv:0$310'.
No latch inferred for signal `\lane_scrambler.\lfsr_next$func$rtl/lane_scrambler.sv:36$69.$result' from process `\lane_scrambler.$proc$rtl/lane_scrambler.sv:0$310'.
No latch inferred for signal `\lane_scrambler.\lfsr_next$func$rtl/lane_scrambler.sv:36$69.s' from process `\lane_scrambler.$proc$rtl/lane_scrambler.sv:0$310'.
No latch inferred for signal `\lane_scrambler.\lfsr_next$func$rtl/lane_scrambler.sv:36$69.n' from process `\lane_scrambler.$proc$rtl/lane_scrambler.sv:0$310'.
No latch inferred for signal `\lane_scrambler.\lfsr_next$func$rtl/lane_scrambler.sv:36$70.$result' from process `\lane_scrambler.$proc$rtl/lane_scrambler.sv:0$310'.
No latch inferred for signal `\lane_scrambler.\lfsr_next$func$rtl/lane_scrambler.sv:36$70.s' from process `\lane_scrambler.$proc$rtl/lane_scrambler.sv:0$310'.
No latch inferred for signal `\lane_scrambler.\lfsr_next$func$rtl/lane_scrambler.sv:36$70.n' from process `\lane_scrambler.$proc$rtl/lane_scrambler.sv:0$310'.
No latch inferred for signal `\lane_scrambler.\lfsr_next$func$rtl/lane_scrambler.sv:36$71.$result' from process `\lane_scrambler.$proc$rtl/lane_scrambler.sv:0$310'.
No latch inferred for signal `\lane_scrambler.\lfsr_next$func$rtl/lane_scrambler.sv:36$71.s' from process `\lane_scrambler.$proc$rtl/lane_scrambler.sv:0$310'.
No latch inferred for signal `\lane_scrambler.\lfsr_next$func$rtl/lane_scrambler.sv:36$71.n' from process `\lane_scrambler.$proc$rtl/lane_scrambler.sv:0$310'.
No latch inferred for signal `\lane_scrambler.\lfsr_next$func$rtl/lane_scrambler.sv:36$72.$result' from process `\lane_scrambler.$proc$rtl/lane_scrambler.sv:0$310'.
No latch inferred for signal `\lane_scrambler.\lfsr_next$func$rtl/lane_scrambler.sv:36$72.s' from process `\lane_scrambler.$proc$rtl/lane_scrambler.sv:0$310'.
No latch inferred for signal `\lane_scrambler.\lfsr_next$func$rtl/lane_scrambler.sv:36$72.n' from process `\lane_scrambler.$proc$rtl/lane_scrambler.sv:0$310'.
No latch inferred for signal `\lane_scrambler.\lfsr_next$func$rtl/lane_scrambler.sv:36$73.$result' from process `\lane_scrambler.$proc$rtl/lane_scrambler.sv:0$310'.
No latch inferred for signal `\lane_scrambler.\lfsr_next$func$rtl/lane_scrambler.sv:36$73.s' from process `\lane_scrambler.$proc$rtl/lane_scrambler.sv:0$310'.
No latch inferred for signal `\lane_scrambler.\lfsr_next$func$rtl/lane_scrambler.sv:36$73.n' from process `\lane_scrambler.$proc$rtl/lane_scrambler.sv:0$310'.
No latch inferred for signal `\lane_scrambler.\lfsr_next$func$rtl/lane_scrambler.sv:36$74.$result' from process `\lane_scrambler.$proc$rtl/lane_scrambler.sv:0$310'.
No latch inferred for signal `\lane_scrambler.\lfsr_next$func$rtl/lane_scrambler.sv:36$74.s' from process `\lane_scrambler.$proc$rtl/lane_scrambler.sv:0$310'.
No latch inferred for signal `\lane_scrambler.\lfsr_next$func$rtl/lane_scrambler.sv:36$74.n' from process `\lane_scrambler.$proc$rtl/lane_scrambler.sv:0$310'.
No latch inferred for signal `\lane_scrambler.\lfsr_next$func$rtl/lane_scrambler.sv:36$75.$result' from process `\lane_scrambler.$proc$rtl/lane_scrambler.sv:0$310'.
No latch inferred for signal `\lane_scrambler.\lfsr_next$func$rtl/lane_scrambler.sv:36$75.s' from process `\lane_scrambler.$proc$rtl/lane_scrambler.sv:0$310'.
No latch inferred for signal `\lane_scrambler.\lfsr_next$func$rtl/lane_scrambler.sv:36$75.n' from process `\lane_scrambler.$proc$rtl/lane_scrambler.sv:0$310'.
No latch inferred for signal `\lane_scrambler.\lfsr_next$func$rtl/lane_scrambler.sv:36$76.$result' from process `\lane_scrambler.$proc$rtl/lane_scrambler.sv:0$310'.
No latch inferred for signal `\lane_scrambler.\lfsr_next$func$rtl/lane_scrambler.sv:36$76.s' from process `\lane_scrambler.$proc$rtl/lane_scrambler.sv:0$310'.
No latch inferred for signal `\lane_scrambler.\lfsr_next$func$rtl/lane_scrambler.sv:36$76.n' from process `\lane_scrambler.$proc$rtl/lane_scrambler.sv:0$310'.
No latch inferred for signal `\lane_scrambler.\lfsr_next$func$rtl/lane_scrambler.sv:36$77.$result' from process `\lane_scrambler.$proc$rtl/lane_scrambler.sv:0$310'.
No latch inferred for signal `\lane_scrambler.\lfsr_next$func$rtl/lane_scrambler.sv:36$77.s' from process `\lane_scrambler.$proc$rtl/lane_scrambler.sv:0$310'.
No latch inferred for signal `\lane_scrambler.\lfsr_next$func$rtl/lane_scrambler.sv:36$77.n' from process `\lane_scrambler.$proc$rtl/lane_scrambler.sv:0$310'.
No latch inferred for signal `\lane_scrambler.\lfsr_next$func$rtl/lane_scrambler.sv:36$78.$result' from process `\lane_scrambler.$proc$rtl/lane_scrambler.sv:0$310'.
No latch inferred for signal `\lane_scrambler.\lfsr_next$func$rtl/lane_scrambler.sv:36$78.s' from process `\lane_scrambler.$proc$rtl/lane_scrambler.sv:0$310'.
No latch inferred for signal `\lane_scrambler.\lfsr_next$func$rtl/lane_scrambler.sv:36$78.n' from process `\lane_scrambler.$proc$rtl/lane_scrambler.sv:0$310'.
No latch inferred for signal `\lane_scrambler.\lfsr_next$func$rtl/lane_scrambler.sv:36$79.$result' from process `\lane_scrambler.$proc$rtl/lane_scrambler.sv:0$310'.
No latch inferred for signal `\lane_scrambler.\lfsr_next$func$rtl/lane_scrambler.sv:36$79.s' from process `\lane_scrambler.$proc$rtl/lane_scrambler.sv:0$310'.
No latch inferred for signal `\lane_scrambler.\lfsr_next$func$rtl/lane_scrambler.sv:36$79.n' from process `\lane_scrambler.$proc$rtl/lane_scrambler.sv:0$310'.
No latch inferred for signal `\lane_scrambler.\lfsr_next$func$rtl/lane_scrambler.sv:36$80.$result' from process `\lane_scrambler.$proc$rtl/lane_scrambler.sv:0$310'.
No latch inferred for signal `\lane_scrambler.\lfsr_next$func$rtl/lane_scrambler.sv:36$80.s' from process `\lane_scrambler.$proc$rtl/lane_scrambler.sv:0$310'.
No latch inferred for signal `\lane_scrambler.\lfsr_next$func$rtl/lane_scrambler.sv:36$80.n' from process `\lane_scrambler.$proc$rtl/lane_scrambler.sv:0$310'.
No latch inferred for signal `\lane_scrambler.\lfsr_next$func$rtl/lane_scrambler.sv:36$81.$result' from process `\lane_scrambler.$proc$rtl/lane_scrambler.sv:0$310'.
No latch inferred for signal `\lane_scrambler.\lfsr_next$func$rtl/lane_scrambler.sv:36$81.s' from process `\lane_scrambler.$proc$rtl/lane_scrambler.sv:0$310'.
No latch inferred for signal `\lane_scrambler.\lfsr_next$func$rtl/lane_scrambler.sv:36$81.n' from process `\lane_scrambler.$proc$rtl/lane_scrambler.sv:0$310'.
No latch inferred for signal `\lane_scrambler.\lfsr_next$func$rtl/lane_scrambler.sv:36$82.$result' from process `\lane_scrambler.$proc$rtl/lane_scrambler.sv:0$310'.
No latch inferred for signal `\lane_scrambler.\lfsr_next$func$rtl/lane_scrambler.sv:36$82.s' from process `\lane_scrambler.$proc$rtl/lane_scrambler.sv:0$310'.
No latch inferred for signal `\lane_scrambler.\lfsr_next$func$rtl/lane_scrambler.sv:36$82.n' from process `\lane_scrambler.$proc$rtl/lane_scrambler.sv:0$310'.
No latch inferred for signal `\lane_scrambler.\lfsr_next$func$rtl/lane_scrambler.sv:36$83.$result' from process `\lane_scrambler.$proc$rtl/lane_scrambler.sv:0$310'.
No latch inferred for signal `\lane_scrambler.\lfsr_next$func$rtl/lane_scrambler.sv:36$83.s' from process `\lane_scrambler.$proc$rtl/lane_scrambler.sv:0$310'.
No latch inferred for signal `\lane_scrambler.\lfsr_next$func$rtl/lane_scrambler.sv:36$83.n' from process `\lane_scrambler.$proc$rtl/lane_scrambler.sv:0$310'.
No latch inferred for signal `\lane_scrambler.\lfsr_next$func$rtl/lane_scrambler.sv:36$84.$result' from process `\lane_scrambler.$proc$rtl/lane_scrambler.sv:0$310'.
No latch inferred for signal `\lane_scrambler.\lfsr_next$func$rtl/lane_scrambler.sv:36$84.s' from process `\lane_scrambler.$proc$rtl/lane_scrambler.sv:0$310'.
No latch inferred for signal `\lane_scrambler.\lfsr_next$func$rtl/lane_scrambler.sv:36$84.n' from process `\lane_scrambler.$proc$rtl/lane_scrambler.sv:0$310'.
No latch inferred for signal `\lane_scrambler.\lfsr_next$func$rtl/lane_scrambler.sv:36$85.$result' from process `\lane_scrambler.$proc$rtl/lane_scrambler.sv:0$310'.
No latch inferred for signal `\lane_scrambler.\lfsr_next$func$rtl/lane_scrambler.sv:36$85.s' from process `\lane_scrambler.$proc$rtl/lane_scrambler.sv:0$310'.
No latch inferred for signal `\lane_scrambler.\lfsr_next$func$rtl/lane_scrambler.sv:36$85.n' from process `\lane_scrambler.$proc$rtl/lane_scrambler.sv:0$310'.
No latch inferred for signal `\lane_scrambler.\lfsr_next$func$rtl/lane_scrambler.sv:36$86.$result' from process `\lane_scrambler.$proc$rtl/lane_scrambler.sv:0$310'.
No latch inferred for signal `\lane_scrambler.\lfsr_next$func$rtl/lane_scrambler.sv:36$86.s' from process `\lane_scrambler.$proc$rtl/lane_scrambler.sv:0$310'.
No latch inferred for signal `\lane_scrambler.\lfsr_next$func$rtl/lane_scrambler.sv:36$86.n' from process `\lane_scrambler.$proc$rtl/lane_scrambler.sv:0$310'.
No latch inferred for signal `\lane_scrambler.\lfsr_next$func$rtl/lane_scrambler.sv:36$87.$result' from process `\lane_scrambler.$proc$rtl/lane_scrambler.sv:0$310'.
No latch inferred for signal `\lane_scrambler.\lfsr_next$func$rtl/lane_scrambler.sv:36$87.s' from process `\lane_scrambler.$proc$rtl/lane_scrambler.sv:0$310'.
No latch inferred for signal `\lane_scrambler.\lfsr_next$func$rtl/lane_scrambler.sv:36$87.n' from process `\lane_scrambler.$proc$rtl/lane_scrambler.sv:0$310'.
No latch inferred for signal `\lane_scrambler.\lfsr_next$func$rtl/lane_scrambler.sv:36$88.$result' from process `\lane_scrambler.$proc$rtl/lane_scrambler.sv:0$310'.
No latch inferred for signal `\lane_scrambler.\lfsr_next$func$rtl/lane_scrambler.sv:36$88.s' from process `\lane_scrambler.$proc$rtl/lane_scrambler.sv:0$310'.
No latch inferred for signal `\lane_scrambler.\lfsr_next$func$rtl/lane_scrambler.sv:36$88.n' from process `\lane_scrambler.$proc$rtl/lane_scrambler.sv:0$310'.
No latch inferred for signal `\lane_scrambler.\lfsr_next$func$rtl/lane_scrambler.sv:36$89.$result' from process `\lane_scrambler.$proc$rtl/lane_scrambler.sv:0$310'.
No latch inferred for signal `\lane_scrambler.\lfsr_next$func$rtl/lane_scrambler.sv:36$89.s' from process `\lane_scrambler.$proc$rtl/lane_scrambler.sv:0$310'.
No latch inferred for signal `\lane_scrambler.\lfsr_next$func$rtl/lane_scrambler.sv:36$89.n' from process `\lane_scrambler.$proc$rtl/lane_scrambler.sv:0$310'.
No latch inferred for signal `\lane_scrambler.\lfsr_next$func$rtl/lane_scrambler.sv:36$90.$result' from process `\lane_scrambler.$proc$rtl/lane_scrambler.sv:0$310'.
No latch inferred for signal `\lane_scrambler.\lfsr_next$func$rtl/lane_scrambler.sv:36$90.s' from process `\lane_scrambler.$proc$rtl/lane_scrambler.sv:0$310'.
No latch inferred for signal `\lane_scrambler.\lfsr_next$func$rtl/lane_scrambler.sv:36$90.n' from process `\lane_scrambler.$proc$rtl/lane_scrambler.sv:0$310'.
No latch inferred for signal `\lane_scrambler.\lfsr_next$func$rtl/lane_scrambler.sv:36$91.$result' from process `\lane_scrambler.$proc$rtl/lane_scrambler.sv:0$310'.
No latch inferred for signal `\lane_scrambler.\lfsr_next$func$rtl/lane_scrambler.sv:36$91.s' from process `\lane_scrambler.$proc$rtl/lane_scrambler.sv:0$310'.
No latch inferred for signal `\lane_scrambler.\lfsr_next$func$rtl/lane_scrambler.sv:36$91.n' from process `\lane_scrambler.$proc$rtl/lane_scrambler.sv:0$310'.
No latch inferred for signal `\lane_scrambler.\lfsr_next$func$rtl/lane_scrambler.sv:36$92.$result' from process `\lane_scrambler.$proc$rtl/lane_scrambler.sv:0$310'.
No latch inferred for signal `\lane_scrambler.\lfsr_next$func$rtl/lane_scrambler.sv:36$92.s' from process `\lane_scrambler.$proc$rtl/lane_scrambler.sv:0$310'.
No latch inferred for signal `\lane_scrambler.\lfsr_next$func$rtl/lane_scrambler.sv:36$92.n' from process `\lane_scrambler.$proc$rtl/lane_scrambler.sv:0$310'.
No latch inferred for signal `\lane_scrambler.\lfsr_next$func$rtl/lane_scrambler.sv:36$93.$result' from process `\lane_scrambler.$proc$rtl/lane_scrambler.sv:0$310'.
No latch inferred for signal `\lane_scrambler.\lfsr_next$func$rtl/lane_scrambler.sv:36$93.s' from process `\lane_scrambler.$proc$rtl/lane_scrambler.sv:0$310'.
No latch inferred for signal `\lane_scrambler.\lfsr_next$func$rtl/lane_scrambler.sv:36$93.n' from process `\lane_scrambler.$proc$rtl/lane_scrambler.sv:0$310'.
No latch inferred for signal `\lane_scrambler.\lfsr_next$func$rtl/lane_scrambler.sv:36$94.$result' from process `\lane_scrambler.$proc$rtl/lane_scrambler.sv:0$310'.
No latch inferred for signal `\lane_scrambler.\lfsr_next$func$rtl/lane_scrambler.sv:36$94.s' from process `\lane_scrambler.$proc$rtl/lane_scrambler.sv:0$310'.
No latch inferred for signal `\lane_scrambler.\lfsr_next$func$rtl/lane_scrambler.sv:36$94.n' from process `\lane_scrambler.$proc$rtl/lane_scrambler.sv:0$310'.
No latch inferred for signal `\lane_scrambler.\lfsr_next$func$rtl/lane_scrambler.sv:36$95.$result' from process `\lane_scrambler.$proc$rtl/lane_scrambler.sv:0$310'.
No latch inferred for signal `\lane_scrambler.\lfsr_next$func$rtl/lane_scrambler.sv:36$95.s' from process `\lane_scrambler.$proc$rtl/lane_scrambler.sv:0$310'.
No latch inferred for signal `\lane_scrambler.\lfsr_next$func$rtl/lane_scrambler.sv:36$95.n' from process `\lane_scrambler.$proc$rtl/lane_scrambler.sv:0$310'.
No latch inferred for signal `\lane_scrambler.\lfsr_next$func$rtl/lane_scrambler.sv:36$96.$result' from process `\lane_scrambler.$proc$rtl/lane_scrambler.sv:0$310'.
No latch inferred for signal `\lane_scrambler.\lfsr_next$func$rtl/lane_scrambler.sv:36$96.s' from process `\lane_scrambler.$proc$rtl/lane_scrambler.sv:0$310'.
No latch inferred for signal `\lane_scrambler.\lfsr_next$func$rtl/lane_scrambler.sv:36$96.n' from process `\lane_scrambler.$proc$rtl/lane_scrambler.sv:0$310'.
No latch inferred for signal `\lane_scrambler.\lfsr_next$func$rtl/lane_scrambler.sv:36$97.$result' from process `\lane_scrambler.$proc$rtl/lane_scrambler.sv:0$310'.
No latch inferred for signal `\lane_scrambler.\lfsr_next$func$rtl/lane_scrambler.sv:36$97.s' from process `\lane_scrambler.$proc$rtl/lane_scrambler.sv:0$310'.
No latch inferred for signal `\lane_scrambler.\lfsr_next$func$rtl/lane_scrambler.sv:36$97.n' from process `\lane_scrambler.$proc$rtl/lane_scrambler.sv:0$310'.
No latch inferred for signal `\lane_scrambler.\lfsr_next$func$rtl/lane_scrambler.sv:36$98.$result' from process `\lane_scrambler.$proc$rtl/lane_scrambler.sv:0$310'.
No latch inferred for signal `\lane_scrambler.\lfsr_next$func$rtl/lane_scrambler.sv:36$98.s' from process `\lane_scrambler.$proc$rtl/lane_scrambler.sv:0$310'.
No latch inferred for signal `\lane_scrambler.\lfsr_next$func$rtl/lane_scrambler.sv:36$98.n' from process `\lane_scrambler.$proc$rtl/lane_scrambler.sv:0$310'.
No latch inferred for signal `\lane_scrambler.\lfsr_next$func$rtl/lane_scrambler.sv:36$99.$result' from process `\lane_scrambler.$proc$rtl/lane_scrambler.sv:0$310'.
No latch inferred for signal `\lane_scrambler.\lfsr_next$func$rtl/lane_scrambler.sv:36$99.s' from process `\lane_scrambler.$proc$rtl/lane_scrambler.sv:0$310'.
No latch inferred for signal `\lane_scrambler.\lfsr_next$func$rtl/lane_scrambler.sv:36$99.n' from process `\lane_scrambler.$proc$rtl/lane_scrambler.sv:0$310'.
No latch inferred for signal `\lane_scrambler.\lfsr_next$func$rtl/lane_scrambler.sv:36$100.$result' from process `\lane_scrambler.$proc$rtl/lane_scrambler.sv:0$310'.
No latch inferred for signal `\lane_scrambler.\lfsr_next$func$rtl/lane_scrambler.sv:36$100.s' from process `\lane_scrambler.$proc$rtl/lane_scrambler.sv:0$310'.
No latch inferred for signal `\lane_scrambler.\lfsr_next$func$rtl/lane_scrambler.sv:36$100.n' from process `\lane_scrambler.$proc$rtl/lane_scrambler.sv:0$310'.
No latch inferred for signal `\lane_scrambler.\lfsr_next$func$rtl/lane_scrambler.sv:36$101.$result' from process `\lane_scrambler.$proc$rtl/lane_scrambler.sv:0$310'.
No latch inferred for signal `\lane_scrambler.\lfsr_next$func$rtl/lane_scrambler.sv:36$101.s' from process `\lane_scrambler.$proc$rtl/lane_scrambler.sv:0$310'.
No latch inferred for signal `\lane_scrambler.\lfsr_next$func$rtl/lane_scrambler.sv:36$101.n' from process `\lane_scrambler.$proc$rtl/lane_scrambler.sv:0$310'.
No latch inferred for signal `\lane_scrambler.\lfsr_next$func$rtl/lane_scrambler.sv:36$102.$result' from process `\lane_scrambler.$proc$rtl/lane_scrambler.sv:0$310'.
No latch inferred for signal `\lane_scrambler.\lfsr_next$func$rtl/lane_scrambler.sv:36$102.s' from process `\lane_scrambler.$proc$rtl/lane_scrambler.sv:0$310'.
No latch inferred for signal `\lane_scrambler.\lfsr_next$func$rtl/lane_scrambler.sv:36$102.n' from process `\lane_scrambler.$proc$rtl/lane_scrambler.sv:0$310'.
No latch inferred for signal `\lane_scrambler.\lfsr_next$func$rtl/lane_scrambler.sv:36$103.$result' from process `\lane_scrambler.$proc$rtl/lane_scrambler.sv:0$310'.
No latch inferred for signal `\lane_scrambler.\lfsr_next$func$rtl/lane_scrambler.sv:36$103.s' from process `\lane_scrambler.$proc$rtl/lane_scrambler.sv:0$310'.
No latch inferred for signal `\lane_scrambler.\lfsr_next$func$rtl/lane_scrambler.sv:36$103.n' from process `\lane_scrambler.$proc$rtl/lane_scrambler.sv:0$310'.
No latch inferred for signal `\lane_scrambler.\lfsr_next$func$rtl/lane_scrambler.sv:36$104.$result' from process `\lane_scrambler.$proc$rtl/lane_scrambler.sv:0$310'.
No latch inferred for signal `\lane_scrambler.\lfsr_next$func$rtl/lane_scrambler.sv:36$104.s' from process `\lane_scrambler.$proc$rtl/lane_scrambler.sv:0$310'.
No latch inferred for signal `\lane_scrambler.\lfsr_next$func$rtl/lane_scrambler.sv:36$104.n' from process `\lane_scrambler.$proc$rtl/lane_scrambler.sv:0$310'.
No latch inferred for signal `\lane_scrambler.\lfsr_next$func$rtl/lane_scrambler.sv:36$105.$result' from process `\lane_scrambler.$proc$rtl/lane_scrambler.sv:0$310'.
No latch inferred for signal `\lane_scrambler.\lfsr_next$func$rtl/lane_scrambler.sv:36$105.s' from process `\lane_scrambler.$proc$rtl/lane_scrambler.sv:0$310'.
No latch inferred for signal `\lane_scrambler.\lfsr_next$func$rtl/lane_scrambler.sv:36$105.n' from process `\lane_scrambler.$proc$rtl/lane_scrambler.sv:0$310'.
No latch inferred for signal `\lane_scrambler.\lfsr_next$func$rtl/lane_scrambler.sv:36$106.$result' from process `\lane_scrambler.$proc$rtl/lane_scrambler.sv:0$310'.
No latch inferred for signal `\lane_scrambler.\lfsr_next$func$rtl/lane_scrambler.sv:36$106.s' from process `\lane_scrambler.$proc$rtl/lane_scrambler.sv:0$310'.
No latch inferred for signal `\lane_scrambler.\lfsr_next$func$rtl/lane_scrambler.sv:36$106.n' from process `\lane_scrambler.$proc$rtl/lane_scrambler.sv:0$310'.
No latch inferred for signal `\lane_scrambler.\lfsr_next$func$rtl/lane_scrambler.sv:36$107.$result' from process `\lane_scrambler.$proc$rtl/lane_scrambler.sv:0$310'.
No latch inferred for signal `\lane_scrambler.\lfsr_next$func$rtl/lane_scrambler.sv:36$107.s' from process `\lane_scrambler.$proc$rtl/lane_scrambler.sv:0$310'.
No latch inferred for signal `\lane_scrambler.\lfsr_next$func$rtl/lane_scrambler.sv:36$107.n' from process `\lane_scrambler.$proc$rtl/lane_scrambler.sv:0$310'.
No latch inferred for signal `\lane_scrambler.\lfsr_next$func$rtl/lane_scrambler.sv:36$108.$result' from process `\lane_scrambler.$proc$rtl/lane_scrambler.sv:0$310'.
No latch inferred for signal `\lane_scrambler.\lfsr_next$func$rtl/lane_scrambler.sv:36$108.s' from process `\lane_scrambler.$proc$rtl/lane_scrambler.sv:0$310'.
No latch inferred for signal `\lane_scrambler.\lfsr_next$func$rtl/lane_scrambler.sv:36$108.n' from process `\lane_scrambler.$proc$rtl/lane_scrambler.sv:0$310'.
No latch inferred for signal `\lane_scrambler.\lfsr_next$func$rtl/lane_scrambler.sv:36$109.$result' from process `\lane_scrambler.$proc$rtl/lane_scrambler.sv:0$310'.
No latch inferred for signal `\lane_scrambler.\lfsr_next$func$rtl/lane_scrambler.sv:36$109.s' from process `\lane_scrambler.$proc$rtl/lane_scrambler.sv:0$310'.
No latch inferred for signal `\lane_scrambler.\lfsr_next$func$rtl/lane_scrambler.sv:36$109.n' from process `\lane_scrambler.$proc$rtl/lane_scrambler.sv:0$310'.
No latch inferred for signal `\lane_scrambler.\lfsr_next$func$rtl/lane_scrambler.sv:36$110.$result' from process `\lane_scrambler.$proc$rtl/lane_scrambler.sv:0$310'.
No latch inferred for signal `\lane_scrambler.\lfsr_next$func$rtl/lane_scrambler.sv:36$110.s' from process `\lane_scrambler.$proc$rtl/lane_scrambler.sv:0$310'.
No latch inferred for signal `\lane_scrambler.\lfsr_next$func$rtl/lane_scrambler.sv:36$110.n' from process `\lane_scrambler.$proc$rtl/lane_scrambler.sv:0$310'.
No latch inferred for signal `\lane_scrambler.\lfsr_next$func$rtl/lane_scrambler.sv:36$111.$result' from process `\lane_scrambler.$proc$rtl/lane_scrambler.sv:0$310'.
No latch inferred for signal `\lane_scrambler.\lfsr_next$func$rtl/lane_scrambler.sv:36$111.s' from process `\lane_scrambler.$proc$rtl/lane_scrambler.sv:0$310'.
No latch inferred for signal `\lane_scrambler.\lfsr_next$func$rtl/lane_scrambler.sv:36$111.n' from process `\lane_scrambler.$proc$rtl/lane_scrambler.sv:0$310'.
No latch inferred for signal `\lane_scrambler.\lfsr_next$func$rtl/lane_scrambler.sv:36$112.$result' from process `\lane_scrambler.$proc$rtl/lane_scrambler.sv:0$310'.
No latch inferred for signal `\lane_scrambler.\lfsr_next$func$rtl/lane_scrambler.sv:36$112.s' from process `\lane_scrambler.$proc$rtl/lane_scrambler.sv:0$310'.
No latch inferred for signal `\lane_scrambler.\lfsr_next$func$rtl/lane_scrambler.sv:36$112.n' from process `\lane_scrambler.$proc$rtl/lane_scrambler.sv:0$310'.
No latch inferred for signal `\lane_scrambler.\lfsr_next$func$rtl/lane_scrambler.sv:36$113.$result' from process `\lane_scrambler.$proc$rtl/lane_scrambler.sv:0$310'.
No latch inferred for signal `\lane_scrambler.\lfsr_next$func$rtl/lane_scrambler.sv:36$113.s' from process `\lane_scrambler.$proc$rtl/lane_scrambler.sv:0$310'.
No latch inferred for signal `\lane_scrambler.\lfsr_next$func$rtl/lane_scrambler.sv:36$113.n' from process `\lane_scrambler.$proc$rtl/lane_scrambler.sv:0$310'.
No latch inferred for signal `\lane_scrambler.\lfsr_next$func$rtl/lane_scrambler.sv:36$114.$result' from process `\lane_scrambler.$proc$rtl/lane_scrambler.sv:0$310'.
No latch inferred for signal `\lane_scrambler.\lfsr_next$func$rtl/lane_scrambler.sv:36$114.s' from process `\lane_scrambler.$proc$rtl/lane_scrambler.sv:0$310'.
No latch inferred for signal `\lane_scrambler.\lfsr_next$func$rtl/lane_scrambler.sv:36$114.n' from process `\lane_scrambler.$proc$rtl/lane_scrambler.sv:0$310'.
No latch inferred for signal `\lane_scrambler.$for_loop$47[1].$unnamed_block$48.scr_result' from process `\lane_scrambler.$proc$rtl/lane_scrambler.sv:0$310'.
No latch inferred for signal `\lane_scrambler.\scramble_word$func$rtl/lane_scrambler.sv:46$115.$result' from process `\lane_scrambler.$proc$rtl/lane_scrambler.sv:0$310'.
No latch inferred for signal `\lane_scrambler.\scramble_word$func$rtl/lane_scrambler.sv:46$115.d' from process `\lane_scrambler.$proc$rtl/lane_scrambler.sv:0$310'.
No latch inferred for signal `\lane_scrambler.\scramble_word$func$rtl/lane_scrambler.sv:46$115.s' from process `\lane_scrambler.$proc$rtl/lane_scrambler.sv:0$310'.
No latch inferred for signal `\lane_scrambler.\scramble_word$func$rtl/lane_scrambler.sv:46$115.y' from process `\lane_scrambler.$proc$rtl/lane_scrambler.sv:0$310'.
No latch inferred for signal `\lane_scrambler.\scramble_word$func$rtl/lane_scrambler.sv:46$115.st' from process `\lane_scrambler.$proc$rtl/lane_scrambler.sv:0$310'.
No latch inferred for signal `\lane_scrambler.\scramble_word$func$rtl/lane_scrambler.sv:46$115.k' from process `\lane_scrambler.$proc$rtl/lane_scrambler.sv:0$310'.
No latch inferred for signal `\lane_scrambler.\lfsr_next$func$rtl/lane_scrambler.sv:36$116.$result' from process `\lane_scrambler.$proc$rtl/lane_scrambler.sv:0$310'.
No latch inferred for signal `\lane_scrambler.\lfsr_next$func$rtl/lane_scrambler.sv:36$116.s' from process `\lane_scrambler.$proc$rtl/lane_scrambler.sv:0$310'.
No latch inferred for signal `\lane_scrambler.\lfsr_next$func$rtl/lane_scrambler.sv:36$116.n' from process `\lane_scrambler.$proc$rtl/lane_scrambler.sv:0$310'.
No latch inferred for signal `\lane_scrambler.\lfsr_next$func$rtl/lane_scrambler.sv:36$117.$result' from process `\lane_scrambler.$proc$rtl/lane_scrambler.sv:0$310'.
No latch inferred for signal `\lane_scrambler.\lfsr_next$func$rtl/lane_scrambler.sv:36$117.s' from process `\lane_scrambler.$proc$rtl/lane_scrambler.sv:0$310'.
No latch inferred for signal `\lane_scrambler.\lfsr_next$func$rtl/lane_scrambler.sv:36$117.n' from process `\lane_scrambler.$proc$rtl/lane_scrambler.sv:0$310'.
No latch inferred for signal `\lane_scrambler.\lfsr_next$func$rtl/lane_scrambler.sv:36$118.$result' from process `\lane_scrambler.$proc$rtl/lane_scrambler.sv:0$310'.
No latch inferred for signal `\lane_scrambler.\lfsr_next$func$rtl/lane_scrambler.sv:36$118.s' from process `\lane_scrambler.$proc$rtl/lane_scrambler.sv:0$310'.
No latch inferred for signal `\lane_scrambler.\lfsr_next$func$rtl/lane_scrambler.sv:36$118.n' from process `\lane_scrambler.$proc$rtl/lane_scrambler.sv:0$310'.
No latch inferred for signal `\lane_scrambler.\lfsr_next$func$rtl/lane_scrambler.sv:36$119.$result' from process `\lane_scrambler.$proc$rtl/lane_scrambler.sv:0$310'.
No latch inferred for signal `\lane_scrambler.\lfsr_next$func$rtl/lane_scrambler.sv:36$119.s' from process `\lane_scrambler.$proc$rtl/lane_scrambler.sv:0$310'.
No latch inferred for signal `\lane_scrambler.\lfsr_next$func$rtl/lane_scrambler.sv:36$119.n' from process `\lane_scrambler.$proc$rtl/lane_scrambler.sv:0$310'.
No latch inferred for signal `\lane_scrambler.\lfsr_next$func$rtl/lane_scrambler.sv:36$120.$result' from process `\lane_scrambler.$proc$rtl/lane_scrambler.sv:0$310'.
No latch inferred for signal `\lane_scrambler.\lfsr_next$func$rtl/lane_scrambler.sv:36$120.s' from process `\lane_scrambler.$proc$rtl/lane_scrambler.sv:0$310'.
No latch inferred for signal `\lane_scrambler.\lfsr_next$func$rtl/lane_scrambler.sv:36$120.n' from process `\lane_scrambler.$proc$rtl/lane_scrambler.sv:0$310'.
No latch inferred for signal `\lane_scrambler.\lfsr_next$func$rtl/lane_scrambler.sv:36$121.$result' from process `\lane_scrambler.$proc$rtl/lane_scrambler.sv:0$310'.
No latch inferred for signal `\lane_scrambler.\lfsr_next$func$rtl/lane_scrambler.sv:36$121.s' from process `\lane_scrambler.$proc$rtl/lane_scrambler.sv:0$310'.
No latch inferred for signal `\lane_scrambler.\lfsr_next$func$rtl/lane_scrambler.sv:36$121.n' from process `\lane_scrambler.$proc$rtl/lane_scrambler.sv:0$310'.
No latch inferred for signal `\lane_scrambler.\lfsr_next$func$rtl/lane_scrambler.sv:36$122.$result' from process `\lane_scrambler.$proc$rtl/lane_scrambler.sv:0$310'.
No latch inferred for signal `\lane_scrambler.\lfsr_next$func$rtl/lane_scrambler.sv:36$122.s' from process `\lane_scrambler.$proc$rtl/lane_scrambler.sv:0$310'.
No latch inferred for signal `\lane_scrambler.\lfsr_next$func$rtl/lane_scrambler.sv:36$122.n' from process `\lane_scrambler.$proc$rtl/lane_scrambler.sv:0$310'.
No latch inferred for signal `\lane_scrambler.\lfsr_next$func$rtl/lane_scrambler.sv:36$123.$result' from process `\lane_scrambler.$proc$rtl/lane_scrambler.sv:0$310'.
No latch inferred for signal `\lane_scrambler.\lfsr_next$func$rtl/lane_scrambler.sv:36$123.s' from process `\lane_scrambler.$proc$rtl/lane_scrambler.sv:0$310'.
No latch inferred for signal `\lane_scrambler.\lfsr_next$func$rtl/lane_scrambler.sv:36$123.n' from process `\lane_scrambler.$proc$rtl/lane_scrambler.sv:0$310'.
No latch inferred for signal `\lane_scrambler.\lfsr_next$func$rtl/lane_scrambler.sv:36$124.$result' from process `\lane_scrambler.$proc$rtl/lane_scrambler.sv:0$310'.
No latch inferred for signal `\lane_scrambler.\lfsr_next$func$rtl/lane_scrambler.sv:36$124.s' from process `\lane_scrambler.$proc$rtl/lane_scrambler.sv:0$310'.
No latch inferred for signal `\lane_scrambler.\lfsr_next$func$rtl/lane_scrambler.sv:36$124.n' from process `\lane_scrambler.$proc$rtl/lane_scrambler.sv:0$310'.
No latch inferred for signal `\lane_scrambler.\lfsr_next$func$rtl/lane_scrambler.sv:36$125.$result' from process `\lane_scrambler.$proc$rtl/lane_scrambler.sv:0$310'.
No latch inferred for signal `\lane_scrambler.\lfsr_next$func$rtl/lane_scrambler.sv:36$125.s' from process `\lane_scrambler.$proc$rtl/lane_scrambler.sv:0$310'.
No latch inferred for signal `\lane_scrambler.\lfsr_next$func$rtl/lane_scrambler.sv:36$125.n' from process `\lane_scrambler.$proc$rtl/lane_scrambler.sv:0$310'.
No latch inferred for signal `\lane_scrambler.\lfsr_next$func$rtl/lane_scrambler.sv:36$126.$result' from process `\lane_scrambler.$proc$rtl/lane_scrambler.sv:0$310'.
No latch inferred for signal `\lane_scrambler.\lfsr_next$func$rtl/lane_scrambler.sv:36$126.s' from process `\lane_scrambler.$proc$rtl/lane_scrambler.sv:0$310'.
No latch inferred for signal `\lane_scrambler.\lfsr_next$func$rtl/lane_scrambler.sv:36$126.n' from process `\lane_scrambler.$proc$rtl/lane_scrambler.sv:0$310'.
No latch inferred for signal `\lane_scrambler.\lfsr_next$func$rtl/lane_scrambler.sv:36$127.$result' from process `\lane_scrambler.$proc$rtl/lane_scrambler.sv:0$310'.
No latch inferred for signal `\lane_scrambler.\lfsr_next$func$rtl/lane_scrambler.sv:36$127.s' from process `\lane_scrambler.$proc$rtl/lane_scrambler.sv:0$310'.
No latch inferred for signal `\lane_scrambler.\lfsr_next$func$rtl/lane_scrambler.sv:36$127.n' from process `\lane_scrambler.$proc$rtl/lane_scrambler.sv:0$310'.
No latch inferred for signal `\lane_scrambler.\lfsr_next$func$rtl/lane_scrambler.sv:36$128.$result' from process `\lane_scrambler.$proc$rtl/lane_scrambler.sv:0$310'.
No latch inferred for signal `\lane_scrambler.\lfsr_next$func$rtl/lane_scrambler.sv:36$128.s' from process `\lane_scrambler.$proc$rtl/lane_scrambler.sv:0$310'.
No latch inferred for signal `\lane_scrambler.\lfsr_next$func$rtl/lane_scrambler.sv:36$128.n' from process `\lane_scrambler.$proc$rtl/lane_scrambler.sv:0$310'.
No latch inferred for signal `\lane_scrambler.\lfsr_next$func$rtl/lane_scrambler.sv:36$129.$result' from process `\lane_scrambler.$proc$rtl/lane_scrambler.sv:0$310'.
No latch inferred for signal `\lane_scrambler.\lfsr_next$func$rtl/lane_scrambler.sv:36$129.s' from process `\lane_scrambler.$proc$rtl/lane_scrambler.sv:0$310'.
No latch inferred for signal `\lane_scrambler.\lfsr_next$func$rtl/lane_scrambler.sv:36$129.n' from process `\lane_scrambler.$proc$rtl/lane_scrambler.sv:0$310'.
No latch inferred for signal `\lane_scrambler.\lfsr_next$func$rtl/lane_scrambler.sv:36$130.$result' from process `\lane_scrambler.$proc$rtl/lane_scrambler.sv:0$310'.
No latch inferred for signal `\lane_scrambler.\lfsr_next$func$rtl/lane_scrambler.sv:36$130.s' from process `\lane_scrambler.$proc$rtl/lane_scrambler.sv:0$310'.
No latch inferred for signal `\lane_scrambler.\lfsr_next$func$rtl/lane_scrambler.sv:36$130.n' from process `\lane_scrambler.$proc$rtl/lane_scrambler.sv:0$310'.
No latch inferred for signal `\lane_scrambler.\lfsr_next$func$rtl/lane_scrambler.sv:36$131.$result' from process `\lane_scrambler.$proc$rtl/lane_scrambler.sv:0$310'.
No latch inferred for signal `\lane_scrambler.\lfsr_next$func$rtl/lane_scrambler.sv:36$131.s' from process `\lane_scrambler.$proc$rtl/lane_scrambler.sv:0$310'.
No latch inferred for signal `\lane_scrambler.\lfsr_next$func$rtl/lane_scrambler.sv:36$131.n' from process `\lane_scrambler.$proc$rtl/lane_scrambler.sv:0$310'.
No latch inferred for signal `\lane_scrambler.\lfsr_next$func$rtl/lane_scrambler.sv:36$132.$result' from process `\lane_scrambler.$proc$rtl/lane_scrambler.sv:0$310'.
No latch inferred for signal `\lane_scrambler.\lfsr_next$func$rtl/lane_scrambler.sv:36$132.s' from process `\lane_scrambler.$proc$rtl/lane_scrambler.sv:0$310'.
No latch inferred for signal `\lane_scrambler.\lfsr_next$func$rtl/lane_scrambler.sv:36$132.n' from process `\lane_scrambler.$proc$rtl/lane_scrambler.sv:0$310'.
No latch inferred for signal `\lane_scrambler.\lfsr_next$func$rtl/lane_scrambler.sv:36$133.$result' from process `\lane_scrambler.$proc$rtl/lane_scrambler.sv:0$310'.
No latch inferred for signal `\lane_scrambler.\lfsr_next$func$rtl/lane_scrambler.sv:36$133.s' from process `\lane_scrambler.$proc$rtl/lane_scrambler.sv:0$310'.
No latch inferred for signal `\lane_scrambler.\lfsr_next$func$rtl/lane_scrambler.sv:36$133.n' from process `\lane_scrambler.$proc$rtl/lane_scrambler.sv:0$310'.
No latch inferred for signal `\lane_scrambler.\lfsr_next$func$rtl/lane_scrambler.sv:36$134.$result' from process `\lane_scrambler.$proc$rtl/lane_scrambler.sv:0$310'.
No latch inferred for signal `\lane_scrambler.\lfsr_next$func$rtl/lane_scrambler.sv:36$134.s' from process `\lane_scrambler.$proc$rtl/lane_scrambler.sv:0$310'.
No latch inferred for signal `\lane_scrambler.\lfsr_next$func$rtl/lane_scrambler.sv:36$134.n' from process `\lane_scrambler.$proc$rtl/lane_scrambler.sv:0$310'.
No latch inferred for signal `\lane_scrambler.\lfsr_next$func$rtl/lane_scrambler.sv:36$135.$result' from process `\lane_scrambler.$proc$rtl/lane_scrambler.sv:0$310'.
No latch inferred for signal `\lane_scrambler.\lfsr_next$func$rtl/lane_scrambler.sv:36$135.s' from process `\lane_scrambler.$proc$rtl/lane_scrambler.sv:0$310'.
No latch inferred for signal `\lane_scrambler.\lfsr_next$func$rtl/lane_scrambler.sv:36$135.n' from process `\lane_scrambler.$proc$rtl/lane_scrambler.sv:0$310'.
No latch inferred for signal `\lane_scrambler.\lfsr_next$func$rtl/lane_scrambler.sv:36$136.$result' from process `\lane_scrambler.$proc$rtl/lane_scrambler.sv:0$310'.
No latch inferred for signal `\lane_scrambler.\lfsr_next$func$rtl/lane_scrambler.sv:36$136.s' from process `\lane_scrambler.$proc$rtl/lane_scrambler.sv:0$310'.
No latch inferred for signal `\lane_scrambler.\lfsr_next$func$rtl/lane_scrambler.sv:36$136.n' from process `\lane_scrambler.$proc$rtl/lane_scrambler.sv:0$310'.
No latch inferred for signal `\lane_scrambler.\lfsr_next$func$rtl/lane_scrambler.sv:36$137.$result' from process `\lane_scrambler.$proc$rtl/lane_scrambler.sv:0$310'.
No latch inferred for signal `\lane_scrambler.\lfsr_next$func$rtl/lane_scrambler.sv:36$137.s' from process `\lane_scrambler.$proc$rtl/lane_scrambler.sv:0$310'.
No latch inferred for signal `\lane_scrambler.\lfsr_next$func$rtl/lane_scrambler.sv:36$137.n' from process `\lane_scrambler.$proc$rtl/lane_scrambler.sv:0$310'.
No latch inferred for signal `\lane_scrambler.\lfsr_next$func$rtl/lane_scrambler.sv:36$138.$result' from process `\lane_scrambler.$proc$rtl/lane_scrambler.sv:0$310'.
No latch inferred for signal `\lane_scrambler.\lfsr_next$func$rtl/lane_scrambler.sv:36$138.s' from process `\lane_scrambler.$proc$rtl/lane_scrambler.sv:0$310'.
No latch inferred for signal `\lane_scrambler.\lfsr_next$func$rtl/lane_scrambler.sv:36$138.n' from process `\lane_scrambler.$proc$rtl/lane_scrambler.sv:0$310'.
No latch inferred for signal `\lane_scrambler.\lfsr_next$func$rtl/lane_scrambler.sv:36$139.$result' from process `\lane_scrambler.$proc$rtl/lane_scrambler.sv:0$310'.
No latch inferred for signal `\lane_scrambler.\lfsr_next$func$rtl/lane_scrambler.sv:36$139.s' from process `\lane_scrambler.$proc$rtl/lane_scrambler.sv:0$310'.
No latch inferred for signal `\lane_scrambler.\lfsr_next$func$rtl/lane_scrambler.sv:36$139.n' from process `\lane_scrambler.$proc$rtl/lane_scrambler.sv:0$310'.
No latch inferred for signal `\lane_scrambler.\lfsr_next$func$rtl/lane_scrambler.sv:36$140.$result' from process `\lane_scrambler.$proc$rtl/lane_scrambler.sv:0$310'.
No latch inferred for signal `\lane_scrambler.\lfsr_next$func$rtl/lane_scrambler.sv:36$140.s' from process `\lane_scrambler.$proc$rtl/lane_scrambler.sv:0$310'.
No latch inferred for signal `\lane_scrambler.\lfsr_next$func$rtl/lane_scrambler.sv:36$140.n' from process `\lane_scrambler.$proc$rtl/lane_scrambler.sv:0$310'.
No latch inferred for signal `\lane_scrambler.\lfsr_next$func$rtl/lane_scrambler.sv:36$141.$result' from process `\lane_scrambler.$proc$rtl/lane_scrambler.sv:0$310'.
No latch inferred for signal `\lane_scrambler.\lfsr_next$func$rtl/lane_scrambler.sv:36$141.s' from process `\lane_scrambler.$proc$rtl/lane_scrambler.sv:0$310'.
No latch inferred for signal `\lane_scrambler.\lfsr_next$func$rtl/lane_scrambler.sv:36$141.n' from process `\lane_scrambler.$proc$rtl/lane_scrambler.sv:0$310'.
No latch inferred for signal `\lane_scrambler.\lfsr_next$func$rtl/lane_scrambler.sv:36$142.$result' from process `\lane_scrambler.$proc$rtl/lane_scrambler.sv:0$310'.
No latch inferred for signal `\lane_scrambler.\lfsr_next$func$rtl/lane_scrambler.sv:36$142.s' from process `\lane_scrambler.$proc$rtl/lane_scrambler.sv:0$310'.
No latch inferred for signal `\lane_scrambler.\lfsr_next$func$rtl/lane_scrambler.sv:36$142.n' from process `\lane_scrambler.$proc$rtl/lane_scrambler.sv:0$310'.
No latch inferred for signal `\lane_scrambler.\lfsr_next$func$rtl/lane_scrambler.sv:36$143.$result' from process `\lane_scrambler.$proc$rtl/lane_scrambler.sv:0$310'.
No latch inferred for signal `\lane_scrambler.\lfsr_next$func$rtl/lane_scrambler.sv:36$143.s' from process `\lane_scrambler.$proc$rtl/lane_scrambler.sv:0$310'.
No latch inferred for signal `\lane_scrambler.\lfsr_next$func$rtl/lane_scrambler.sv:36$143.n' from process `\lane_scrambler.$proc$rtl/lane_scrambler.sv:0$310'.
No latch inferred for signal `\lane_scrambler.\lfsr_next$func$rtl/lane_scrambler.sv:36$144.$result' from process `\lane_scrambler.$proc$rtl/lane_scrambler.sv:0$310'.
No latch inferred for signal `\lane_scrambler.\lfsr_next$func$rtl/lane_scrambler.sv:36$144.s' from process `\lane_scrambler.$proc$rtl/lane_scrambler.sv:0$310'.
No latch inferred for signal `\lane_scrambler.\lfsr_next$func$rtl/lane_scrambler.sv:36$144.n' from process `\lane_scrambler.$proc$rtl/lane_scrambler.sv:0$310'.
No latch inferred for signal `\lane_scrambler.\lfsr_next$func$rtl/lane_scrambler.sv:36$145.$result' from process `\lane_scrambler.$proc$rtl/lane_scrambler.sv:0$310'.
No latch inferred for signal `\lane_scrambler.\lfsr_next$func$rtl/lane_scrambler.sv:36$145.s' from process `\lane_scrambler.$proc$rtl/lane_scrambler.sv:0$310'.
No latch inferred for signal `\lane_scrambler.\lfsr_next$func$rtl/lane_scrambler.sv:36$145.n' from process `\lane_scrambler.$proc$rtl/lane_scrambler.sv:0$310'.
No latch inferred for signal `\lane_scrambler.\lfsr_next$func$rtl/lane_scrambler.sv:36$146.$result' from process `\lane_scrambler.$proc$rtl/lane_scrambler.sv:0$310'.
No latch inferred for signal `\lane_scrambler.\lfsr_next$func$rtl/lane_scrambler.sv:36$146.s' from process `\lane_scrambler.$proc$rtl/lane_scrambler.sv:0$310'.
No latch inferred for signal `\lane_scrambler.\lfsr_next$func$rtl/lane_scrambler.sv:36$146.n' from process `\lane_scrambler.$proc$rtl/lane_scrambler.sv:0$310'.
No latch inferred for signal `\lane_scrambler.\lfsr_next$func$rtl/lane_scrambler.sv:36$147.$result' from process `\lane_scrambler.$proc$rtl/lane_scrambler.sv:0$310'.
No latch inferred for signal `\lane_scrambler.\lfsr_next$func$rtl/lane_scrambler.sv:36$147.s' from process `\lane_scrambler.$proc$rtl/lane_scrambler.sv:0$310'.
No latch inferred for signal `\lane_scrambler.\lfsr_next$func$rtl/lane_scrambler.sv:36$147.n' from process `\lane_scrambler.$proc$rtl/lane_scrambler.sv:0$310'.
No latch inferred for signal `\lane_scrambler.\lfsr_next$func$rtl/lane_scrambler.sv:36$148.$result' from process `\lane_scrambler.$proc$rtl/lane_scrambler.sv:0$310'.
No latch inferred for signal `\lane_scrambler.\lfsr_next$func$rtl/lane_scrambler.sv:36$148.s' from process `\lane_scrambler.$proc$rtl/lane_scrambler.sv:0$310'.
No latch inferred for signal `\lane_scrambler.\lfsr_next$func$rtl/lane_scrambler.sv:36$148.n' from process `\lane_scrambler.$proc$rtl/lane_scrambler.sv:0$310'.
No latch inferred for signal `\lane_scrambler.\lfsr_next$func$rtl/lane_scrambler.sv:36$149.$result' from process `\lane_scrambler.$proc$rtl/lane_scrambler.sv:0$310'.
No latch inferred for signal `\lane_scrambler.\lfsr_next$func$rtl/lane_scrambler.sv:36$149.s' from process `\lane_scrambler.$proc$rtl/lane_scrambler.sv:0$310'.
No latch inferred for signal `\lane_scrambler.\lfsr_next$func$rtl/lane_scrambler.sv:36$149.n' from process `\lane_scrambler.$proc$rtl/lane_scrambler.sv:0$310'.
No latch inferred for signal `\lane_scrambler.\lfsr_next$func$rtl/lane_scrambler.sv:36$150.$result' from process `\lane_scrambler.$proc$rtl/lane_scrambler.sv:0$310'.
No latch inferred for signal `\lane_scrambler.\lfsr_next$func$rtl/lane_scrambler.sv:36$150.s' from process `\lane_scrambler.$proc$rtl/lane_scrambler.sv:0$310'.
No latch inferred for signal `\lane_scrambler.\lfsr_next$func$rtl/lane_scrambler.sv:36$150.n' from process `\lane_scrambler.$proc$rtl/lane_scrambler.sv:0$310'.
No latch inferred for signal `\lane_scrambler.\lfsr_next$func$rtl/lane_scrambler.sv:36$151.$result' from process `\lane_scrambler.$proc$rtl/lane_scrambler.sv:0$310'.
No latch inferred for signal `\lane_scrambler.\lfsr_next$func$rtl/lane_scrambler.sv:36$151.s' from process `\lane_scrambler.$proc$rtl/lane_scrambler.sv:0$310'.
No latch inferred for signal `\lane_scrambler.\lfsr_next$func$rtl/lane_scrambler.sv:36$151.n' from process `\lane_scrambler.$proc$rtl/lane_scrambler.sv:0$310'.
No latch inferred for signal `\lane_scrambler.\lfsr_next$func$rtl/lane_scrambler.sv:36$152.$result' from process `\lane_scrambler.$proc$rtl/lane_scrambler.sv:0$310'.
No latch inferred for signal `\lane_scrambler.\lfsr_next$func$rtl/lane_scrambler.sv:36$152.s' from process `\lane_scrambler.$proc$rtl/lane_scrambler.sv:0$310'.
No latch inferred for signal `\lane_scrambler.\lfsr_next$func$rtl/lane_scrambler.sv:36$152.n' from process `\lane_scrambler.$proc$rtl/lane_scrambler.sv:0$310'.
No latch inferred for signal `\lane_scrambler.\lfsr_next$func$rtl/lane_scrambler.sv:36$153.$result' from process `\lane_scrambler.$proc$rtl/lane_scrambler.sv:0$310'.
No latch inferred for signal `\lane_scrambler.\lfsr_next$func$rtl/lane_scrambler.sv:36$153.s' from process `\lane_scrambler.$proc$rtl/lane_scrambler.sv:0$310'.
No latch inferred for signal `\lane_scrambler.\lfsr_next$func$rtl/lane_scrambler.sv:36$153.n' from process `\lane_scrambler.$proc$rtl/lane_scrambler.sv:0$310'.
No latch inferred for signal `\lane_scrambler.\lfsr_next$func$rtl/lane_scrambler.sv:36$154.$result' from process `\lane_scrambler.$proc$rtl/lane_scrambler.sv:0$310'.
No latch inferred for signal `\lane_scrambler.\lfsr_next$func$rtl/lane_scrambler.sv:36$154.s' from process `\lane_scrambler.$proc$rtl/lane_scrambler.sv:0$310'.
No latch inferred for signal `\lane_scrambler.\lfsr_next$func$rtl/lane_scrambler.sv:36$154.n' from process `\lane_scrambler.$proc$rtl/lane_scrambler.sv:0$310'.
No latch inferred for signal `\lane_scrambler.\lfsr_next$func$rtl/lane_scrambler.sv:36$155.$result' from process `\lane_scrambler.$proc$rtl/lane_scrambler.sv:0$310'.
No latch inferred for signal `\lane_scrambler.\lfsr_next$func$rtl/lane_scrambler.sv:36$155.s' from process `\lane_scrambler.$proc$rtl/lane_scrambler.sv:0$310'.
No latch inferred for signal `\lane_scrambler.\lfsr_next$func$rtl/lane_scrambler.sv:36$155.n' from process `\lane_scrambler.$proc$rtl/lane_scrambler.sv:0$310'.
No latch inferred for signal `\lane_scrambler.\lfsr_next$func$rtl/lane_scrambler.sv:36$156.$result' from process `\lane_scrambler.$proc$rtl/lane_scrambler.sv:0$310'.
No latch inferred for signal `\lane_scrambler.\lfsr_next$func$rtl/lane_scrambler.sv:36$156.s' from process `\lane_scrambler.$proc$rtl/lane_scrambler.sv:0$310'.
No latch inferred for signal `\lane_scrambler.\lfsr_next$func$rtl/lane_scrambler.sv:36$156.n' from process `\lane_scrambler.$proc$rtl/lane_scrambler.sv:0$310'.
No latch inferred for signal `\lane_scrambler.\lfsr_next$func$rtl/lane_scrambler.sv:36$157.$result' from process `\lane_scrambler.$proc$rtl/lane_scrambler.sv:0$310'.
No latch inferred for signal `\lane_scrambler.\lfsr_next$func$rtl/lane_scrambler.sv:36$157.s' from process `\lane_scrambler.$proc$rtl/lane_scrambler.sv:0$310'.
No latch inferred for signal `\lane_scrambler.\lfsr_next$func$rtl/lane_scrambler.sv:36$157.n' from process `\lane_scrambler.$proc$rtl/lane_scrambler.sv:0$310'.
No latch inferred for signal `\lane_scrambler.\lfsr_next$func$rtl/lane_scrambler.sv:36$158.$result' from process `\lane_scrambler.$proc$rtl/lane_scrambler.sv:0$310'.
No latch inferred for signal `\lane_scrambler.\lfsr_next$func$rtl/lane_scrambler.sv:36$158.s' from process `\lane_scrambler.$proc$rtl/lane_scrambler.sv:0$310'.
No latch inferred for signal `\lane_scrambler.\lfsr_next$func$rtl/lane_scrambler.sv:36$158.n' from process `\lane_scrambler.$proc$rtl/lane_scrambler.sv:0$310'.
No latch inferred for signal `\lane_scrambler.\lfsr_next$func$rtl/lane_scrambler.sv:36$159.$result' from process `\lane_scrambler.$proc$rtl/lane_scrambler.sv:0$310'.
No latch inferred for signal `\lane_scrambler.\lfsr_next$func$rtl/lane_scrambler.sv:36$159.s' from process `\lane_scrambler.$proc$rtl/lane_scrambler.sv:0$310'.
No latch inferred for signal `\lane_scrambler.\lfsr_next$func$rtl/lane_scrambler.sv:36$159.n' from process `\lane_scrambler.$proc$rtl/lane_scrambler.sv:0$310'.
No latch inferred for signal `\lane_scrambler.\lfsr_next$func$rtl/lane_scrambler.sv:36$160.$result' from process `\lane_scrambler.$proc$rtl/lane_scrambler.sv:0$310'.
No latch inferred for signal `\lane_scrambler.\lfsr_next$func$rtl/lane_scrambler.sv:36$160.s' from process `\lane_scrambler.$proc$rtl/lane_scrambler.sv:0$310'.
No latch inferred for signal `\lane_scrambler.\lfsr_next$func$rtl/lane_scrambler.sv:36$160.n' from process `\lane_scrambler.$proc$rtl/lane_scrambler.sv:0$310'.
No latch inferred for signal `\lane_scrambler.\lfsr_next$func$rtl/lane_scrambler.sv:36$161.$result' from process `\lane_scrambler.$proc$rtl/lane_scrambler.sv:0$310'.
No latch inferred for signal `\lane_scrambler.\lfsr_next$func$rtl/lane_scrambler.sv:36$161.s' from process `\lane_scrambler.$proc$rtl/lane_scrambler.sv:0$310'.
No latch inferred for signal `\lane_scrambler.\lfsr_next$func$rtl/lane_scrambler.sv:36$161.n' from process `\lane_scrambler.$proc$rtl/lane_scrambler.sv:0$310'.
No latch inferred for signal `\lane_scrambler.\lfsr_next$func$rtl/lane_scrambler.sv:36$162.$result' from process `\lane_scrambler.$proc$rtl/lane_scrambler.sv:0$310'.
No latch inferred for signal `\lane_scrambler.\lfsr_next$func$rtl/lane_scrambler.sv:36$162.s' from process `\lane_scrambler.$proc$rtl/lane_scrambler.sv:0$310'.
No latch inferred for signal `\lane_scrambler.\lfsr_next$func$rtl/lane_scrambler.sv:36$162.n' from process `\lane_scrambler.$proc$rtl/lane_scrambler.sv:0$310'.
No latch inferred for signal `\lane_scrambler.\lfsr_next$func$rtl/lane_scrambler.sv:36$163.$result' from process `\lane_scrambler.$proc$rtl/lane_scrambler.sv:0$310'.
No latch inferred for signal `\lane_scrambler.\lfsr_next$func$rtl/lane_scrambler.sv:36$163.s' from process `\lane_scrambler.$proc$rtl/lane_scrambler.sv:0$310'.
No latch inferred for signal `\lane_scrambler.\lfsr_next$func$rtl/lane_scrambler.sv:36$163.n' from process `\lane_scrambler.$proc$rtl/lane_scrambler.sv:0$310'.
No latch inferred for signal `\lane_scrambler.\lfsr_next$func$rtl/lane_scrambler.sv:36$164.$result' from process `\lane_scrambler.$proc$rtl/lane_scrambler.sv:0$310'.
No latch inferred for signal `\lane_scrambler.\lfsr_next$func$rtl/lane_scrambler.sv:36$164.s' from process `\lane_scrambler.$proc$rtl/lane_scrambler.sv:0$310'.
No latch inferred for signal `\lane_scrambler.\lfsr_next$func$rtl/lane_scrambler.sv:36$164.n' from process `\lane_scrambler.$proc$rtl/lane_scrambler.sv:0$310'.
No latch inferred for signal `\lane_scrambler.\lfsr_next$func$rtl/lane_scrambler.sv:36$165.$result' from process `\lane_scrambler.$proc$rtl/lane_scrambler.sv:0$310'.
No latch inferred for signal `\lane_scrambler.\lfsr_next$func$rtl/lane_scrambler.sv:36$165.s' from process `\lane_scrambler.$proc$rtl/lane_scrambler.sv:0$310'.
No latch inferred for signal `\lane_scrambler.\lfsr_next$func$rtl/lane_scrambler.sv:36$165.n' from process `\lane_scrambler.$proc$rtl/lane_scrambler.sv:0$310'.
No latch inferred for signal `\lane_scrambler.\lfsr_next$func$rtl/lane_scrambler.sv:36$166.$result' from process `\lane_scrambler.$proc$rtl/lane_scrambler.sv:0$310'.
No latch inferred for signal `\lane_scrambler.\lfsr_next$func$rtl/lane_scrambler.sv:36$166.s' from process `\lane_scrambler.$proc$rtl/lane_scrambler.sv:0$310'.
No latch inferred for signal `\lane_scrambler.\lfsr_next$func$rtl/lane_scrambler.sv:36$166.n' from process `\lane_scrambler.$proc$rtl/lane_scrambler.sv:0$310'.
No latch inferred for signal `\lane_scrambler.\lfsr_next$func$rtl/lane_scrambler.sv:36$167.$result' from process `\lane_scrambler.$proc$rtl/lane_scrambler.sv:0$310'.
No latch inferred for signal `\lane_scrambler.\lfsr_next$func$rtl/lane_scrambler.sv:36$167.s' from process `\lane_scrambler.$proc$rtl/lane_scrambler.sv:0$310'.
No latch inferred for signal `\lane_scrambler.\lfsr_next$func$rtl/lane_scrambler.sv:36$167.n' from process `\lane_scrambler.$proc$rtl/lane_scrambler.sv:0$310'.
No latch inferred for signal `\lane_scrambler.\lfsr_next$func$rtl/lane_scrambler.sv:36$168.$result' from process `\lane_scrambler.$proc$rtl/lane_scrambler.sv:0$310'.
No latch inferred for signal `\lane_scrambler.\lfsr_next$func$rtl/lane_scrambler.sv:36$168.s' from process `\lane_scrambler.$proc$rtl/lane_scrambler.sv:0$310'.
No latch inferred for signal `\lane_scrambler.\lfsr_next$func$rtl/lane_scrambler.sv:36$168.n' from process `\lane_scrambler.$proc$rtl/lane_scrambler.sv:0$310'.
No latch inferred for signal `\lane_scrambler.\lfsr_next$func$rtl/lane_scrambler.sv:36$169.$result' from process `\lane_scrambler.$proc$rtl/lane_scrambler.sv:0$310'.
No latch inferred for signal `\lane_scrambler.\lfsr_next$func$rtl/lane_scrambler.sv:36$169.s' from process `\lane_scrambler.$proc$rtl/lane_scrambler.sv:0$310'.
No latch inferred for signal `\lane_scrambler.\lfsr_next$func$rtl/lane_scrambler.sv:36$169.n' from process `\lane_scrambler.$proc$rtl/lane_scrambler.sv:0$310'.
No latch inferred for signal `\lane_scrambler.\lfsr_next$func$rtl/lane_scrambler.sv:36$170.$result' from process `\lane_scrambler.$proc$rtl/lane_scrambler.sv:0$310'.
No latch inferred for signal `\lane_scrambler.\lfsr_next$func$rtl/lane_scrambler.sv:36$170.s' from process `\lane_scrambler.$proc$rtl/lane_scrambler.sv:0$310'.
No latch inferred for signal `\lane_scrambler.\lfsr_next$func$rtl/lane_scrambler.sv:36$170.n' from process `\lane_scrambler.$proc$rtl/lane_scrambler.sv:0$310'.
No latch inferred for signal `\lane_scrambler.\lfsr_next$func$rtl/lane_scrambler.sv:36$171.$result' from process `\lane_scrambler.$proc$rtl/lane_scrambler.sv:0$310'.
No latch inferred for signal `\lane_scrambler.\lfsr_next$func$rtl/lane_scrambler.sv:36$171.s' from process `\lane_scrambler.$proc$rtl/lane_scrambler.sv:0$310'.
No latch inferred for signal `\lane_scrambler.\lfsr_next$func$rtl/lane_scrambler.sv:36$171.n' from process `\lane_scrambler.$proc$rtl/lane_scrambler.sv:0$310'.
No latch inferred for signal `\lane_scrambler.\lfsr_next$func$rtl/lane_scrambler.sv:36$172.$result' from process `\lane_scrambler.$proc$rtl/lane_scrambler.sv:0$310'.
No latch inferred for signal `\lane_scrambler.\lfsr_next$func$rtl/lane_scrambler.sv:36$172.s' from process `\lane_scrambler.$proc$rtl/lane_scrambler.sv:0$310'.
No latch inferred for signal `\lane_scrambler.\lfsr_next$func$rtl/lane_scrambler.sv:36$172.n' from process `\lane_scrambler.$proc$rtl/lane_scrambler.sv:0$310'.
No latch inferred for signal `\lane_scrambler.\lfsr_next$func$rtl/lane_scrambler.sv:36$173.$result' from process `\lane_scrambler.$proc$rtl/lane_scrambler.sv:0$310'.
No latch inferred for signal `\lane_scrambler.\lfsr_next$func$rtl/lane_scrambler.sv:36$173.s' from process `\lane_scrambler.$proc$rtl/lane_scrambler.sv:0$310'.
No latch inferred for signal `\lane_scrambler.\lfsr_next$func$rtl/lane_scrambler.sv:36$173.n' from process `\lane_scrambler.$proc$rtl/lane_scrambler.sv:0$310'.
No latch inferred for signal `\lane_scrambler.\lfsr_next$func$rtl/lane_scrambler.sv:36$174.$result' from process `\lane_scrambler.$proc$rtl/lane_scrambler.sv:0$310'.
No latch inferred for signal `\lane_scrambler.\lfsr_next$func$rtl/lane_scrambler.sv:36$174.s' from process `\lane_scrambler.$proc$rtl/lane_scrambler.sv:0$310'.
No latch inferred for signal `\lane_scrambler.\lfsr_next$func$rtl/lane_scrambler.sv:36$174.n' from process `\lane_scrambler.$proc$rtl/lane_scrambler.sv:0$310'.
No latch inferred for signal `\lane_scrambler.\lfsr_next$func$rtl/lane_scrambler.sv:36$175.$result' from process `\lane_scrambler.$proc$rtl/lane_scrambler.sv:0$310'.
No latch inferred for signal `\lane_scrambler.\lfsr_next$func$rtl/lane_scrambler.sv:36$175.s' from process `\lane_scrambler.$proc$rtl/lane_scrambler.sv:0$310'.
No latch inferred for signal `\lane_scrambler.\lfsr_next$func$rtl/lane_scrambler.sv:36$175.n' from process `\lane_scrambler.$proc$rtl/lane_scrambler.sv:0$310'.
No latch inferred for signal `\lane_scrambler.\lfsr_next$func$rtl/lane_scrambler.sv:36$176.$result' from process `\lane_scrambler.$proc$rtl/lane_scrambler.sv:0$310'.
No latch inferred for signal `\lane_scrambler.\lfsr_next$func$rtl/lane_scrambler.sv:36$176.s' from process `\lane_scrambler.$proc$rtl/lane_scrambler.sv:0$310'.
No latch inferred for signal `\lane_scrambler.\lfsr_next$func$rtl/lane_scrambler.sv:36$176.n' from process `\lane_scrambler.$proc$rtl/lane_scrambler.sv:0$310'.
No latch inferred for signal `\lane_scrambler.\lfsr_next$func$rtl/lane_scrambler.sv:36$177.$result' from process `\lane_scrambler.$proc$rtl/lane_scrambler.sv:0$310'.
No latch inferred for signal `\lane_scrambler.\lfsr_next$func$rtl/lane_scrambler.sv:36$177.s' from process `\lane_scrambler.$proc$rtl/lane_scrambler.sv:0$310'.
No latch inferred for signal `\lane_scrambler.\lfsr_next$func$rtl/lane_scrambler.sv:36$177.n' from process `\lane_scrambler.$proc$rtl/lane_scrambler.sv:0$310'.
No latch inferred for signal `\lane_scrambler.\lfsr_next$func$rtl/lane_scrambler.sv:36$178.$result' from process `\lane_scrambler.$proc$rtl/lane_scrambler.sv:0$310'.
No latch inferred for signal `\lane_scrambler.\lfsr_next$func$rtl/lane_scrambler.sv:36$178.s' from process `\lane_scrambler.$proc$rtl/lane_scrambler.sv:0$310'.
No latch inferred for signal `\lane_scrambler.\lfsr_next$func$rtl/lane_scrambler.sv:36$178.n' from process `\lane_scrambler.$proc$rtl/lane_scrambler.sv:0$310'.
No latch inferred for signal `\lane_scrambler.\lfsr_next$func$rtl/lane_scrambler.sv:36$179.$result' from process `\lane_scrambler.$proc$rtl/lane_scrambler.sv:0$310'.
No latch inferred for signal `\lane_scrambler.\lfsr_next$func$rtl/lane_scrambler.sv:36$179.s' from process `\lane_scrambler.$proc$rtl/lane_scrambler.sv:0$310'.
No latch inferred for signal `\lane_scrambler.\lfsr_next$func$rtl/lane_scrambler.sv:36$179.n' from process `\lane_scrambler.$proc$rtl/lane_scrambler.sv:0$310'.
No latch inferred for signal `\lane_scrambler.$for_loop$47[2].$unnamed_block$48.scr_result' from process `\lane_scrambler.$proc$rtl/lane_scrambler.sv:0$310'.
No latch inferred for signal `\lane_scrambler.\scramble_word$func$rtl/lane_scrambler.sv:46$180.$result' from process `\lane_scrambler.$proc$rtl/lane_scrambler.sv:0$310'.
No latch inferred for signal `\lane_scrambler.\scramble_word$func$rtl/lane_scrambler.sv:46$180.d' from process `\lane_scrambler.$proc$rtl/lane_scrambler.sv:0$310'.
No latch inferred for signal `\lane_scrambler.\scramble_word$func$rtl/lane_scrambler.sv:46$180.s' from process `\lane_scrambler.$proc$rtl/lane_scrambler.sv:0$310'.
No latch inferred for signal `\lane_scrambler.\scramble_word$func$rtl/lane_scrambler.sv:46$180.y' from process `\lane_scrambler.$proc$rtl/lane_scrambler.sv:0$310'.
No latch inferred for signal `\lane_scrambler.\scramble_word$func$rtl/lane_scrambler.sv:46$180.st' from process `\lane_scrambler.$proc$rtl/lane_scrambler.sv:0$310'.
No latch inferred for signal `\lane_scrambler.\scramble_word$func$rtl/lane_scrambler.sv:46$180.k' from process `\lane_scrambler.$proc$rtl/lane_scrambler.sv:0$310'.
No latch inferred for signal `\lane_scrambler.\lfsr_next$func$rtl/lane_scrambler.sv:36$181.$result' from process `\lane_scrambler.$proc$rtl/lane_scrambler.sv:0$310'.
No latch inferred for signal `\lane_scrambler.\lfsr_next$func$rtl/lane_scrambler.sv:36$181.s' from process `\lane_scrambler.$proc$rtl/lane_scrambler.sv:0$310'.
No latch inferred for signal `\lane_scrambler.\lfsr_next$func$rtl/lane_scrambler.sv:36$181.n' from process `\lane_scrambler.$proc$rtl/lane_scrambler.sv:0$310'.
No latch inferred for signal `\lane_scrambler.\lfsr_next$func$rtl/lane_scrambler.sv:36$182.$result' from process `\lane_scrambler.$proc$rtl/lane_scrambler.sv:0$310'.
No latch inferred for signal `\lane_scrambler.\lfsr_next$func$rtl/lane_scrambler.sv:36$182.s' from process `\lane_scrambler.$proc$rtl/lane_scrambler.sv:0$310'.
No latch inferred for signal `\lane_scrambler.\lfsr_next$func$rtl/lane_scrambler.sv:36$182.n' from process `\lane_scrambler.$proc$rtl/lane_scrambler.sv:0$310'.
No latch inferred for signal `\lane_scrambler.\lfsr_next$func$rtl/lane_scrambler.sv:36$183.$result' from process `\lane_scrambler.$proc$rtl/lane_scrambler.sv:0$310'.
No latch inferred for signal `\lane_scrambler.\lfsr_next$func$rtl/lane_scrambler.sv:36$183.s' from process `\lane_scrambler.$proc$rtl/lane_scrambler.sv:0$310'.
No latch inferred for signal `\lane_scrambler.\lfsr_next$func$rtl/lane_scrambler.sv:36$183.n' from process `\lane_scrambler.$proc$rtl/lane_scrambler.sv:0$310'.
No latch inferred for signal `\lane_scrambler.\lfsr_next$func$rtl/lane_scrambler.sv:36$184.$result' from process `\lane_scrambler.$proc$rtl/lane_scrambler.sv:0$310'.
No latch inferred for signal `\lane_scrambler.\lfsr_next$func$rtl/lane_scrambler.sv:36$184.s' from process `\lane_scrambler.$proc$rtl/lane_scrambler.sv:0$310'.
No latch inferred for signal `\lane_scrambler.\lfsr_next$func$rtl/lane_scrambler.sv:36$184.n' from process `\lane_scrambler.$proc$rtl/lane_scrambler.sv:0$310'.
No latch inferred for signal `\lane_scrambler.\lfsr_next$func$rtl/lane_scrambler.sv:36$185.$result' from process `\lane_scrambler.$proc$rtl/lane_scrambler.sv:0$310'.
No latch inferred for signal `\lane_scrambler.\lfsr_next$func$rtl/lane_scrambler.sv:36$185.s' from process `\lane_scrambler.$proc$rtl/lane_scrambler.sv:0$310'.
No latch inferred for signal `\lane_scrambler.\lfsr_next$func$rtl/lane_scrambler.sv:36$185.n' from process `\lane_scrambler.$proc$rtl/lane_scrambler.sv:0$310'.
No latch inferred for signal `\lane_scrambler.\lfsr_next$func$rtl/lane_scrambler.sv:36$186.$result' from process `\lane_scrambler.$proc$rtl/lane_scrambler.sv:0$310'.
No latch inferred for signal `\lane_scrambler.\lfsr_next$func$rtl/lane_scrambler.sv:36$186.s' from process `\lane_scrambler.$proc$rtl/lane_scrambler.sv:0$310'.
No latch inferred for signal `\lane_scrambler.\lfsr_next$func$rtl/lane_scrambler.sv:36$186.n' from process `\lane_scrambler.$proc$rtl/lane_scrambler.sv:0$310'.
No latch inferred for signal `\lane_scrambler.\lfsr_next$func$rtl/lane_scrambler.sv:36$187.$result' from process `\lane_scrambler.$proc$rtl/lane_scrambler.sv:0$310'.
No latch inferred for signal `\lane_scrambler.\lfsr_next$func$rtl/lane_scrambler.sv:36$187.s' from process `\lane_scrambler.$proc$rtl/lane_scrambler.sv:0$310'.
No latch inferred for signal `\lane_scrambler.\lfsr_next$func$rtl/lane_scrambler.sv:36$187.n' from process `\lane_scrambler.$proc$rtl/lane_scrambler.sv:0$310'.
No latch inferred for signal `\lane_scrambler.\lfsr_next$func$rtl/lane_scrambler.sv:36$188.$result' from process `\lane_scrambler.$proc$rtl/lane_scrambler.sv:0$310'.
No latch inferred for signal `\lane_scrambler.\lfsr_next$func$rtl/lane_scrambler.sv:36$188.s' from process `\lane_scrambler.$proc$rtl/lane_scrambler.sv:0$310'.
No latch inferred for signal `\lane_scrambler.\lfsr_next$func$rtl/lane_scrambler.sv:36$188.n' from process `\lane_scrambler.$proc$rtl/lane_scrambler.sv:0$310'.
No latch inferred for signal `\lane_scrambler.\lfsr_next$func$rtl/lane_scrambler.sv:36$189.$result' from process `\lane_scrambler.$proc$rtl/lane_scrambler.sv:0$310'.
No latch inferred for signal `\lane_scrambler.\lfsr_next$func$rtl/lane_scrambler.sv:36$189.s' from process `\lane_scrambler.$proc$rtl/lane_scrambler.sv:0$310'.
No latch inferred for signal `\lane_scrambler.\lfsr_next$func$rtl/lane_scrambler.sv:36$189.n' from process `\lane_scrambler.$proc$rtl/lane_scrambler.sv:0$310'.
No latch inferred for signal `\lane_scrambler.\lfsr_next$func$rtl/lane_scrambler.sv:36$190.$result' from process `\lane_scrambler.$proc$rtl/lane_scrambler.sv:0$310'.
No latch inferred for signal `\lane_scrambler.\lfsr_next$func$rtl/lane_scrambler.sv:36$190.s' from process `\lane_scrambler.$proc$rtl/lane_scrambler.sv:0$310'.
No latch inferred for signal `\lane_scrambler.\lfsr_next$func$rtl/lane_scrambler.sv:36$190.n' from process `\lane_scrambler.$proc$rtl/lane_scrambler.sv:0$310'.
No latch inferred for signal `\lane_scrambler.\lfsr_next$func$rtl/lane_scrambler.sv:36$191.$result' from process `\lane_scrambler.$proc$rtl/lane_scrambler.sv:0$310'.
No latch inferred for signal `\lane_scrambler.\lfsr_next$func$rtl/lane_scrambler.sv:36$191.s' from process `\lane_scrambler.$proc$rtl/lane_scrambler.sv:0$310'.
No latch inferred for signal `\lane_scrambler.\lfsr_next$func$rtl/lane_scrambler.sv:36$191.n' from process `\lane_scrambler.$proc$rtl/lane_scrambler.sv:0$310'.
No latch inferred for signal `\lane_scrambler.\lfsr_next$func$rtl/lane_scrambler.sv:36$192.$result' from process `\lane_scrambler.$proc$rtl/lane_scrambler.sv:0$310'.
No latch inferred for signal `\lane_scrambler.\lfsr_next$func$rtl/lane_scrambler.sv:36$192.s' from process `\lane_scrambler.$proc$rtl/lane_scrambler.sv:0$310'.
No latch inferred for signal `\lane_scrambler.\lfsr_next$func$rtl/lane_scrambler.sv:36$192.n' from process `\lane_scrambler.$proc$rtl/lane_scrambler.sv:0$310'.
No latch inferred for signal `\lane_scrambler.\lfsr_next$func$rtl/lane_scrambler.sv:36$193.$result' from process `\lane_scrambler.$proc$rtl/lane_scrambler.sv:0$310'.
No latch inferred for signal `\lane_scrambler.\lfsr_next$func$rtl/lane_scrambler.sv:36$193.s' from process `\lane_scrambler.$proc$rtl/lane_scrambler.sv:0$310'.
No latch inferred for signal `\lane_scrambler.\lfsr_next$func$rtl/lane_scrambler.sv:36$193.n' from process `\lane_scrambler.$proc$rtl/lane_scrambler.sv:0$310'.
No latch inferred for signal `\lane_scrambler.\lfsr_next$func$rtl/lane_scrambler.sv:36$194.$result' from process `\lane_scrambler.$proc$rtl/lane_scrambler.sv:0$310'.
No latch inferred for signal `\lane_scrambler.\lfsr_next$func$rtl/lane_scrambler.sv:36$194.s' from process `\lane_scrambler.$proc$rtl/lane_scrambler.sv:0$310'.
No latch inferred for signal `\lane_scrambler.\lfsr_next$func$rtl/lane_scrambler.sv:36$194.n' from process `\lane_scrambler.$proc$rtl/lane_scrambler.sv:0$310'.
No latch inferred for signal `\lane_scrambler.\lfsr_next$func$rtl/lane_scrambler.sv:36$195.$result' from process `\lane_scrambler.$proc$rtl/lane_scrambler.sv:0$310'.
No latch inferred for signal `\lane_scrambler.\lfsr_next$func$rtl/lane_scrambler.sv:36$195.s' from process `\lane_scrambler.$proc$rtl/lane_scrambler.sv:0$310'.
No latch inferred for signal `\lane_scrambler.\lfsr_next$func$rtl/lane_scrambler.sv:36$195.n' from process `\lane_scrambler.$proc$rtl/lane_scrambler.sv:0$310'.
No latch inferred for signal `\lane_scrambler.\lfsr_next$func$rtl/lane_scrambler.sv:36$196.$result' from process `\lane_scrambler.$proc$rtl/lane_scrambler.sv:0$310'.
No latch inferred for signal `\lane_scrambler.\lfsr_next$func$rtl/lane_scrambler.sv:36$196.s' from process `\lane_scrambler.$proc$rtl/lane_scrambler.sv:0$310'.
No latch inferred for signal `\lane_scrambler.\lfsr_next$func$rtl/lane_scrambler.sv:36$196.n' from process `\lane_scrambler.$proc$rtl/lane_scrambler.sv:0$310'.
No latch inferred for signal `\lane_scrambler.\lfsr_next$func$rtl/lane_scrambler.sv:36$197.$result' from process `\lane_scrambler.$proc$rtl/lane_scrambler.sv:0$310'.
No latch inferred for signal `\lane_scrambler.\lfsr_next$func$rtl/lane_scrambler.sv:36$197.s' from process `\lane_scrambler.$proc$rtl/lane_scrambler.sv:0$310'.
No latch inferred for signal `\lane_scrambler.\lfsr_next$func$rtl/lane_scrambler.sv:36$197.n' from process `\lane_scrambler.$proc$rtl/lane_scrambler.sv:0$310'.
No latch inferred for signal `\lane_scrambler.\lfsr_next$func$rtl/lane_scrambler.sv:36$198.$result' from process `\lane_scrambler.$proc$rtl/lane_scrambler.sv:0$310'.
No latch inferred for signal `\lane_scrambler.\lfsr_next$func$rtl/lane_scrambler.sv:36$198.s' from process `\lane_scrambler.$proc$rtl/lane_scrambler.sv:0$310'.
No latch inferred for signal `\lane_scrambler.\lfsr_next$func$rtl/lane_scrambler.sv:36$198.n' from process `\lane_scrambler.$proc$rtl/lane_scrambler.sv:0$310'.
No latch inferred for signal `\lane_scrambler.\lfsr_next$func$rtl/lane_scrambler.sv:36$199.$result' from process `\lane_scrambler.$proc$rtl/lane_scrambler.sv:0$310'.
No latch inferred for signal `\lane_scrambler.\lfsr_next$func$rtl/lane_scrambler.sv:36$199.s' from process `\lane_scrambler.$proc$rtl/lane_scrambler.sv:0$310'.
No latch inferred for signal `\lane_scrambler.\lfsr_next$func$rtl/lane_scrambler.sv:36$199.n' from process `\lane_scrambler.$proc$rtl/lane_scrambler.sv:0$310'.
No latch inferred for signal `\lane_scrambler.\lfsr_next$func$rtl/lane_scrambler.sv:36$200.$result' from process `\lane_scrambler.$proc$rtl/lane_scrambler.sv:0$310'.
No latch inferred for signal `\lane_scrambler.\lfsr_next$func$rtl/lane_scrambler.sv:36$200.s' from process `\lane_scrambler.$proc$rtl/lane_scrambler.sv:0$310'.
No latch inferred for signal `\lane_scrambler.\lfsr_next$func$rtl/lane_scrambler.sv:36$200.n' from process `\lane_scrambler.$proc$rtl/lane_scrambler.sv:0$310'.
No latch inferred for signal `\lane_scrambler.\lfsr_next$func$rtl/lane_scrambler.sv:36$201.$result' from process `\lane_scrambler.$proc$rtl/lane_scrambler.sv:0$310'.
No latch inferred for signal `\lane_scrambler.\lfsr_next$func$rtl/lane_scrambler.sv:36$201.s' from process `\lane_scrambler.$proc$rtl/lane_scrambler.sv:0$310'.
No latch inferred for signal `\lane_scrambler.\lfsr_next$func$rtl/lane_scrambler.sv:36$201.n' from process `\lane_scrambler.$proc$rtl/lane_scrambler.sv:0$310'.
No latch inferred for signal `\lane_scrambler.\lfsr_next$func$rtl/lane_scrambler.sv:36$202.$result' from process `\lane_scrambler.$proc$rtl/lane_scrambler.sv:0$310'.
No latch inferred for signal `\lane_scrambler.\lfsr_next$func$rtl/lane_scrambler.sv:36$202.s' from process `\lane_scrambler.$proc$rtl/lane_scrambler.sv:0$310'.
No latch inferred for signal `\lane_scrambler.\lfsr_next$func$rtl/lane_scrambler.sv:36$202.n' from process `\lane_scrambler.$proc$rtl/lane_scrambler.sv:0$310'.
No latch inferred for signal `\lane_scrambler.\lfsr_next$func$rtl/lane_scrambler.sv:36$203.$result' from process `\lane_scrambler.$proc$rtl/lane_scrambler.sv:0$310'.
No latch inferred for signal `\lane_scrambler.\lfsr_next$func$rtl/lane_scrambler.sv:36$203.s' from process `\lane_scrambler.$proc$rtl/lane_scrambler.sv:0$310'.
No latch inferred for signal `\lane_scrambler.\lfsr_next$func$rtl/lane_scrambler.sv:36$203.n' from process `\lane_scrambler.$proc$rtl/lane_scrambler.sv:0$310'.
No latch inferred for signal `\lane_scrambler.\lfsr_next$func$rtl/lane_scrambler.sv:36$204.$result' from process `\lane_scrambler.$proc$rtl/lane_scrambler.sv:0$310'.
No latch inferred for signal `\lane_scrambler.\lfsr_next$func$rtl/lane_scrambler.sv:36$204.s' from process `\lane_scrambler.$proc$rtl/lane_scrambler.sv:0$310'.
No latch inferred for signal `\lane_scrambler.\lfsr_next$func$rtl/lane_scrambler.sv:36$204.n' from process `\lane_scrambler.$proc$rtl/lane_scrambler.sv:0$310'.
No latch inferred for signal `\lane_scrambler.\lfsr_next$func$rtl/lane_scrambler.sv:36$205.$result' from process `\lane_scrambler.$proc$rtl/lane_scrambler.sv:0$310'.
No latch inferred for signal `\lane_scrambler.\lfsr_next$func$rtl/lane_scrambler.sv:36$205.s' from process `\lane_scrambler.$proc$rtl/lane_scrambler.sv:0$310'.
No latch inferred for signal `\lane_scrambler.\lfsr_next$func$rtl/lane_scrambler.sv:36$205.n' from process `\lane_scrambler.$proc$rtl/lane_scrambler.sv:0$310'.
No latch inferred for signal `\lane_scrambler.\lfsr_next$func$rtl/lane_scrambler.sv:36$206.$result' from process `\lane_scrambler.$proc$rtl/lane_scrambler.sv:0$310'.
No latch inferred for signal `\lane_scrambler.\lfsr_next$func$rtl/lane_scrambler.sv:36$206.s' from process `\lane_scrambler.$proc$rtl/lane_scrambler.sv:0$310'.
No latch inferred for signal `\lane_scrambler.\lfsr_next$func$rtl/lane_scrambler.sv:36$206.n' from process `\lane_scrambler.$proc$rtl/lane_scrambler.sv:0$310'.
No latch inferred for signal `\lane_scrambler.\lfsr_next$func$rtl/lane_scrambler.sv:36$207.$result' from process `\lane_scrambler.$proc$rtl/lane_scrambler.sv:0$310'.
No latch inferred for signal `\lane_scrambler.\lfsr_next$func$rtl/lane_scrambler.sv:36$207.s' from process `\lane_scrambler.$proc$rtl/lane_scrambler.sv:0$310'.
No latch inferred for signal `\lane_scrambler.\lfsr_next$func$rtl/lane_scrambler.sv:36$207.n' from process `\lane_scrambler.$proc$rtl/lane_scrambler.sv:0$310'.
No latch inferred for signal `\lane_scrambler.\lfsr_next$func$rtl/lane_scrambler.sv:36$208.$result' from process `\lane_scrambler.$proc$rtl/lane_scrambler.sv:0$310'.
No latch inferred for signal `\lane_scrambler.\lfsr_next$func$rtl/lane_scrambler.sv:36$208.s' from process `\lane_scrambler.$proc$rtl/lane_scrambler.sv:0$310'.
No latch inferred for signal `\lane_scrambler.\lfsr_next$func$rtl/lane_scrambler.sv:36$208.n' from process `\lane_scrambler.$proc$rtl/lane_scrambler.sv:0$310'.
No latch inferred for signal `\lane_scrambler.\lfsr_next$func$rtl/lane_scrambler.sv:36$209.$result' from process `\lane_scrambler.$proc$rtl/lane_scrambler.sv:0$310'.
No latch inferred for signal `\lane_scrambler.\lfsr_next$func$rtl/lane_scrambler.sv:36$209.s' from process `\lane_scrambler.$proc$rtl/lane_scrambler.sv:0$310'.
No latch inferred for signal `\lane_scrambler.\lfsr_next$func$rtl/lane_scrambler.sv:36$209.n' from process `\lane_scrambler.$proc$rtl/lane_scrambler.sv:0$310'.
No latch inferred for signal `\lane_scrambler.\lfsr_next$func$rtl/lane_scrambler.sv:36$210.$result' from process `\lane_scrambler.$proc$rtl/lane_scrambler.sv:0$310'.
No latch inferred for signal `\lane_scrambler.\lfsr_next$func$rtl/lane_scrambler.sv:36$210.s' from process `\lane_scrambler.$proc$rtl/lane_scrambler.sv:0$310'.
No latch inferred for signal `\lane_scrambler.\lfsr_next$func$rtl/lane_scrambler.sv:36$210.n' from process `\lane_scrambler.$proc$rtl/lane_scrambler.sv:0$310'.
No latch inferred for signal `\lane_scrambler.\lfsr_next$func$rtl/lane_scrambler.sv:36$211.$result' from process `\lane_scrambler.$proc$rtl/lane_scrambler.sv:0$310'.
No latch inferred for signal `\lane_scrambler.\lfsr_next$func$rtl/lane_scrambler.sv:36$211.s' from process `\lane_scrambler.$proc$rtl/lane_scrambler.sv:0$310'.
No latch inferred for signal `\lane_scrambler.\lfsr_next$func$rtl/lane_scrambler.sv:36$211.n' from process `\lane_scrambler.$proc$rtl/lane_scrambler.sv:0$310'.
No latch inferred for signal `\lane_scrambler.\lfsr_next$func$rtl/lane_scrambler.sv:36$212.$result' from process `\lane_scrambler.$proc$rtl/lane_scrambler.sv:0$310'.
No latch inferred for signal `\lane_scrambler.\lfsr_next$func$rtl/lane_scrambler.sv:36$212.s' from process `\lane_scrambler.$proc$rtl/lane_scrambler.sv:0$310'.
No latch inferred for signal `\lane_scrambler.\lfsr_next$func$rtl/lane_scrambler.sv:36$212.n' from process `\lane_scrambler.$proc$rtl/lane_scrambler.sv:0$310'.
No latch inferred for signal `\lane_scrambler.\lfsr_next$func$rtl/lane_scrambler.sv:36$213.$result' from process `\lane_scrambler.$proc$rtl/lane_scrambler.sv:0$310'.
No latch inferred for signal `\lane_scrambler.\lfsr_next$func$rtl/lane_scrambler.sv:36$213.s' from process `\lane_scrambler.$proc$rtl/lane_scrambler.sv:0$310'.
No latch inferred for signal `\lane_scrambler.\lfsr_next$func$rtl/lane_scrambler.sv:36$213.n' from process `\lane_scrambler.$proc$rtl/lane_scrambler.sv:0$310'.
No latch inferred for signal `\lane_scrambler.\lfsr_next$func$rtl/lane_scrambler.sv:36$214.$result' from process `\lane_scrambler.$proc$rtl/lane_scrambler.sv:0$310'.
No latch inferred for signal `\lane_scrambler.\lfsr_next$func$rtl/lane_scrambler.sv:36$214.s' from process `\lane_scrambler.$proc$rtl/lane_scrambler.sv:0$310'.
No latch inferred for signal `\lane_scrambler.\lfsr_next$func$rtl/lane_scrambler.sv:36$214.n' from process `\lane_scrambler.$proc$rtl/lane_scrambler.sv:0$310'.
No latch inferred for signal `\lane_scrambler.\lfsr_next$func$rtl/lane_scrambler.sv:36$215.$result' from process `\lane_scrambler.$proc$rtl/lane_scrambler.sv:0$310'.
No latch inferred for signal `\lane_scrambler.\lfsr_next$func$rtl/lane_scrambler.sv:36$215.s' from process `\lane_scrambler.$proc$rtl/lane_scrambler.sv:0$310'.
No latch inferred for signal `\lane_scrambler.\lfsr_next$func$rtl/lane_scrambler.sv:36$215.n' from process `\lane_scrambler.$proc$rtl/lane_scrambler.sv:0$310'.
No latch inferred for signal `\lane_scrambler.\lfsr_next$func$rtl/lane_scrambler.sv:36$216.$result' from process `\lane_scrambler.$proc$rtl/lane_scrambler.sv:0$310'.
No latch inferred for signal `\lane_scrambler.\lfsr_next$func$rtl/lane_scrambler.sv:36$216.s' from process `\lane_scrambler.$proc$rtl/lane_scrambler.sv:0$310'.
No latch inferred for signal `\lane_scrambler.\lfsr_next$func$rtl/lane_scrambler.sv:36$216.n' from process `\lane_scrambler.$proc$rtl/lane_scrambler.sv:0$310'.
No latch inferred for signal `\lane_scrambler.\lfsr_next$func$rtl/lane_scrambler.sv:36$217.$result' from process `\lane_scrambler.$proc$rtl/lane_scrambler.sv:0$310'.
No latch inferred for signal `\lane_scrambler.\lfsr_next$func$rtl/lane_scrambler.sv:36$217.s' from process `\lane_scrambler.$proc$rtl/lane_scrambler.sv:0$310'.
No latch inferred for signal `\lane_scrambler.\lfsr_next$func$rtl/lane_scrambler.sv:36$217.n' from process `\lane_scrambler.$proc$rtl/lane_scrambler.sv:0$310'.
No latch inferred for signal `\lane_scrambler.\lfsr_next$func$rtl/lane_scrambler.sv:36$218.$result' from process `\lane_scrambler.$proc$rtl/lane_scrambler.sv:0$310'.
No latch inferred for signal `\lane_scrambler.\lfsr_next$func$rtl/lane_scrambler.sv:36$218.s' from process `\lane_scrambler.$proc$rtl/lane_scrambler.sv:0$310'.
No latch inferred for signal `\lane_scrambler.\lfsr_next$func$rtl/lane_scrambler.sv:36$218.n' from process `\lane_scrambler.$proc$rtl/lane_scrambler.sv:0$310'.
No latch inferred for signal `\lane_scrambler.\lfsr_next$func$rtl/lane_scrambler.sv:36$219.$result' from process `\lane_scrambler.$proc$rtl/lane_scrambler.sv:0$310'.
No latch inferred for signal `\lane_scrambler.\lfsr_next$func$rtl/lane_scrambler.sv:36$219.s' from process `\lane_scrambler.$proc$rtl/lane_scrambler.sv:0$310'.
No latch inferred for signal `\lane_scrambler.\lfsr_next$func$rtl/lane_scrambler.sv:36$219.n' from process `\lane_scrambler.$proc$rtl/lane_scrambler.sv:0$310'.
No latch inferred for signal `\lane_scrambler.\lfsr_next$func$rtl/lane_scrambler.sv:36$220.$result' from process `\lane_scrambler.$proc$rtl/lane_scrambler.sv:0$310'.
No latch inferred for signal `\lane_scrambler.\lfsr_next$func$rtl/lane_scrambler.sv:36$220.s' from process `\lane_scrambler.$proc$rtl/lane_scrambler.sv:0$310'.
No latch inferred for signal `\lane_scrambler.\lfsr_next$func$rtl/lane_scrambler.sv:36$220.n' from process `\lane_scrambler.$proc$rtl/lane_scrambler.sv:0$310'.
No latch inferred for signal `\lane_scrambler.\lfsr_next$func$rtl/lane_scrambler.sv:36$221.$result' from process `\lane_scrambler.$proc$rtl/lane_scrambler.sv:0$310'.
No latch inferred for signal `\lane_scrambler.\lfsr_next$func$rtl/lane_scrambler.sv:36$221.s' from process `\lane_scrambler.$proc$rtl/lane_scrambler.sv:0$310'.
No latch inferred for signal `\lane_scrambler.\lfsr_next$func$rtl/lane_scrambler.sv:36$221.n' from process `\lane_scrambler.$proc$rtl/lane_scrambler.sv:0$310'.
No latch inferred for signal `\lane_scrambler.\lfsr_next$func$rtl/lane_scrambler.sv:36$222.$result' from process `\lane_scrambler.$proc$rtl/lane_scrambler.sv:0$310'.
No latch inferred for signal `\lane_scrambler.\lfsr_next$func$rtl/lane_scrambler.sv:36$222.s' from process `\lane_scrambler.$proc$rtl/lane_scrambler.sv:0$310'.
No latch inferred for signal `\lane_scrambler.\lfsr_next$func$rtl/lane_scrambler.sv:36$222.n' from process `\lane_scrambler.$proc$rtl/lane_scrambler.sv:0$310'.
No latch inferred for signal `\lane_scrambler.\lfsr_next$func$rtl/lane_scrambler.sv:36$223.$result' from process `\lane_scrambler.$proc$rtl/lane_scrambler.sv:0$310'.
No latch inferred for signal `\lane_scrambler.\lfsr_next$func$rtl/lane_scrambler.sv:36$223.s' from process `\lane_scrambler.$proc$rtl/lane_scrambler.sv:0$310'.
No latch inferred for signal `\lane_scrambler.\lfsr_next$func$rtl/lane_scrambler.sv:36$223.n' from process `\lane_scrambler.$proc$rtl/lane_scrambler.sv:0$310'.
No latch inferred for signal `\lane_scrambler.\lfsr_next$func$rtl/lane_scrambler.sv:36$224.$result' from process `\lane_scrambler.$proc$rtl/lane_scrambler.sv:0$310'.
No latch inferred for signal `\lane_scrambler.\lfsr_next$func$rtl/lane_scrambler.sv:36$224.s' from process `\lane_scrambler.$proc$rtl/lane_scrambler.sv:0$310'.
No latch inferred for signal `\lane_scrambler.\lfsr_next$func$rtl/lane_scrambler.sv:36$224.n' from process `\lane_scrambler.$proc$rtl/lane_scrambler.sv:0$310'.
No latch inferred for signal `\lane_scrambler.\lfsr_next$func$rtl/lane_scrambler.sv:36$225.$result' from process `\lane_scrambler.$proc$rtl/lane_scrambler.sv:0$310'.
No latch inferred for signal `\lane_scrambler.\lfsr_next$func$rtl/lane_scrambler.sv:36$225.s' from process `\lane_scrambler.$proc$rtl/lane_scrambler.sv:0$310'.
No latch inferred for signal `\lane_scrambler.\lfsr_next$func$rtl/lane_scrambler.sv:36$225.n' from process `\lane_scrambler.$proc$rtl/lane_scrambler.sv:0$310'.
No latch inferred for signal `\lane_scrambler.\lfsr_next$func$rtl/lane_scrambler.sv:36$226.$result' from process `\lane_scrambler.$proc$rtl/lane_scrambler.sv:0$310'.
No latch inferred for signal `\lane_scrambler.\lfsr_next$func$rtl/lane_scrambler.sv:36$226.s' from process `\lane_scrambler.$proc$rtl/lane_scrambler.sv:0$310'.
No latch inferred for signal `\lane_scrambler.\lfsr_next$func$rtl/lane_scrambler.sv:36$226.n' from process `\lane_scrambler.$proc$rtl/lane_scrambler.sv:0$310'.
No latch inferred for signal `\lane_scrambler.\lfsr_next$func$rtl/lane_scrambler.sv:36$227.$result' from process `\lane_scrambler.$proc$rtl/lane_scrambler.sv:0$310'.
No latch inferred for signal `\lane_scrambler.\lfsr_next$func$rtl/lane_scrambler.sv:36$227.s' from process `\lane_scrambler.$proc$rtl/lane_scrambler.sv:0$310'.
No latch inferred for signal `\lane_scrambler.\lfsr_next$func$rtl/lane_scrambler.sv:36$227.n' from process `\lane_scrambler.$proc$rtl/lane_scrambler.sv:0$310'.
No latch inferred for signal `\lane_scrambler.\lfsr_next$func$rtl/lane_scrambler.sv:36$228.$result' from process `\lane_scrambler.$proc$rtl/lane_scrambler.sv:0$310'.
No latch inferred for signal `\lane_scrambler.\lfsr_next$func$rtl/lane_scrambler.sv:36$228.s' from process `\lane_scrambler.$proc$rtl/lane_scrambler.sv:0$310'.
No latch inferred for signal `\lane_scrambler.\lfsr_next$func$rtl/lane_scrambler.sv:36$228.n' from process `\lane_scrambler.$proc$rtl/lane_scrambler.sv:0$310'.
No latch inferred for signal `\lane_scrambler.\lfsr_next$func$rtl/lane_scrambler.sv:36$229.$result' from process `\lane_scrambler.$proc$rtl/lane_scrambler.sv:0$310'.
No latch inferred for signal `\lane_scrambler.\lfsr_next$func$rtl/lane_scrambler.sv:36$229.s' from process `\lane_scrambler.$proc$rtl/lane_scrambler.sv:0$310'.
No latch inferred for signal `\lane_scrambler.\lfsr_next$func$rtl/lane_scrambler.sv:36$229.n' from process `\lane_scrambler.$proc$rtl/lane_scrambler.sv:0$310'.
No latch inferred for signal `\lane_scrambler.\lfsr_next$func$rtl/lane_scrambler.sv:36$230.$result' from process `\lane_scrambler.$proc$rtl/lane_scrambler.sv:0$310'.
No latch inferred for signal `\lane_scrambler.\lfsr_next$func$rtl/lane_scrambler.sv:36$230.s' from process `\lane_scrambler.$proc$rtl/lane_scrambler.sv:0$310'.
No latch inferred for signal `\lane_scrambler.\lfsr_next$func$rtl/lane_scrambler.sv:36$230.n' from process `\lane_scrambler.$proc$rtl/lane_scrambler.sv:0$310'.
No latch inferred for signal `\lane_scrambler.\lfsr_next$func$rtl/lane_scrambler.sv:36$231.$result' from process `\lane_scrambler.$proc$rtl/lane_scrambler.sv:0$310'.
No latch inferred for signal `\lane_scrambler.\lfsr_next$func$rtl/lane_scrambler.sv:36$231.s' from process `\lane_scrambler.$proc$rtl/lane_scrambler.sv:0$310'.
No latch inferred for signal `\lane_scrambler.\lfsr_next$func$rtl/lane_scrambler.sv:36$231.n' from process `\lane_scrambler.$proc$rtl/lane_scrambler.sv:0$310'.
No latch inferred for signal `\lane_scrambler.\lfsr_next$func$rtl/lane_scrambler.sv:36$232.$result' from process `\lane_scrambler.$proc$rtl/lane_scrambler.sv:0$310'.
No latch inferred for signal `\lane_scrambler.\lfsr_next$func$rtl/lane_scrambler.sv:36$232.s' from process `\lane_scrambler.$proc$rtl/lane_scrambler.sv:0$310'.
No latch inferred for signal `\lane_scrambler.\lfsr_next$func$rtl/lane_scrambler.sv:36$232.n' from process `\lane_scrambler.$proc$rtl/lane_scrambler.sv:0$310'.
No latch inferred for signal `\lane_scrambler.\lfsr_next$func$rtl/lane_scrambler.sv:36$233.$result' from process `\lane_scrambler.$proc$rtl/lane_scrambler.sv:0$310'.
No latch inferred for signal `\lane_scrambler.\lfsr_next$func$rtl/lane_scrambler.sv:36$233.s' from process `\lane_scrambler.$proc$rtl/lane_scrambler.sv:0$310'.
No latch inferred for signal `\lane_scrambler.\lfsr_next$func$rtl/lane_scrambler.sv:36$233.n' from process `\lane_scrambler.$proc$rtl/lane_scrambler.sv:0$310'.
No latch inferred for signal `\lane_scrambler.\lfsr_next$func$rtl/lane_scrambler.sv:36$234.$result' from process `\lane_scrambler.$proc$rtl/lane_scrambler.sv:0$310'.
No latch inferred for signal `\lane_scrambler.\lfsr_next$func$rtl/lane_scrambler.sv:36$234.s' from process `\lane_scrambler.$proc$rtl/lane_scrambler.sv:0$310'.
No latch inferred for signal `\lane_scrambler.\lfsr_next$func$rtl/lane_scrambler.sv:36$234.n' from process `\lane_scrambler.$proc$rtl/lane_scrambler.sv:0$310'.
No latch inferred for signal `\lane_scrambler.\lfsr_next$func$rtl/lane_scrambler.sv:36$235.$result' from process `\lane_scrambler.$proc$rtl/lane_scrambler.sv:0$310'.
No latch inferred for signal `\lane_scrambler.\lfsr_next$func$rtl/lane_scrambler.sv:36$235.s' from process `\lane_scrambler.$proc$rtl/lane_scrambler.sv:0$310'.
No latch inferred for signal `\lane_scrambler.\lfsr_next$func$rtl/lane_scrambler.sv:36$235.n' from process `\lane_scrambler.$proc$rtl/lane_scrambler.sv:0$310'.
No latch inferred for signal `\lane_scrambler.\lfsr_next$func$rtl/lane_scrambler.sv:36$236.$result' from process `\lane_scrambler.$proc$rtl/lane_scrambler.sv:0$310'.
No latch inferred for signal `\lane_scrambler.\lfsr_next$func$rtl/lane_scrambler.sv:36$236.s' from process `\lane_scrambler.$proc$rtl/lane_scrambler.sv:0$310'.
No latch inferred for signal `\lane_scrambler.\lfsr_next$func$rtl/lane_scrambler.sv:36$236.n' from process `\lane_scrambler.$proc$rtl/lane_scrambler.sv:0$310'.
No latch inferred for signal `\lane_scrambler.\lfsr_next$func$rtl/lane_scrambler.sv:36$237.$result' from process `\lane_scrambler.$proc$rtl/lane_scrambler.sv:0$310'.
No latch inferred for signal `\lane_scrambler.\lfsr_next$func$rtl/lane_scrambler.sv:36$237.s' from process `\lane_scrambler.$proc$rtl/lane_scrambler.sv:0$310'.
No latch inferred for signal `\lane_scrambler.\lfsr_next$func$rtl/lane_scrambler.sv:36$237.n' from process `\lane_scrambler.$proc$rtl/lane_scrambler.sv:0$310'.
No latch inferred for signal `\lane_scrambler.\lfsr_next$func$rtl/lane_scrambler.sv:36$238.$result' from process `\lane_scrambler.$proc$rtl/lane_scrambler.sv:0$310'.
No latch inferred for signal `\lane_scrambler.\lfsr_next$func$rtl/lane_scrambler.sv:36$238.s' from process `\lane_scrambler.$proc$rtl/lane_scrambler.sv:0$310'.
No latch inferred for signal `\lane_scrambler.\lfsr_next$func$rtl/lane_scrambler.sv:36$238.n' from process `\lane_scrambler.$proc$rtl/lane_scrambler.sv:0$310'.
No latch inferred for signal `\lane_scrambler.\lfsr_next$func$rtl/lane_scrambler.sv:36$239.$result' from process `\lane_scrambler.$proc$rtl/lane_scrambler.sv:0$310'.
No latch inferred for signal `\lane_scrambler.\lfsr_next$func$rtl/lane_scrambler.sv:36$239.s' from process `\lane_scrambler.$proc$rtl/lane_scrambler.sv:0$310'.
No latch inferred for signal `\lane_scrambler.\lfsr_next$func$rtl/lane_scrambler.sv:36$239.n' from process `\lane_scrambler.$proc$rtl/lane_scrambler.sv:0$310'.
No latch inferred for signal `\lane_scrambler.\lfsr_next$func$rtl/lane_scrambler.sv:36$240.$result' from process `\lane_scrambler.$proc$rtl/lane_scrambler.sv:0$310'.
No latch inferred for signal `\lane_scrambler.\lfsr_next$func$rtl/lane_scrambler.sv:36$240.s' from process `\lane_scrambler.$proc$rtl/lane_scrambler.sv:0$310'.
No latch inferred for signal `\lane_scrambler.\lfsr_next$func$rtl/lane_scrambler.sv:36$240.n' from process `\lane_scrambler.$proc$rtl/lane_scrambler.sv:0$310'.
No latch inferred for signal `\lane_scrambler.\lfsr_next$func$rtl/lane_scrambler.sv:36$241.$result' from process `\lane_scrambler.$proc$rtl/lane_scrambler.sv:0$310'.
No latch inferred for signal `\lane_scrambler.\lfsr_next$func$rtl/lane_scrambler.sv:36$241.s' from process `\lane_scrambler.$proc$rtl/lane_scrambler.sv:0$310'.
No latch inferred for signal `\lane_scrambler.\lfsr_next$func$rtl/lane_scrambler.sv:36$241.n' from process `\lane_scrambler.$proc$rtl/lane_scrambler.sv:0$310'.
No latch inferred for signal `\lane_scrambler.\lfsr_next$func$rtl/lane_scrambler.sv:36$242.$result' from process `\lane_scrambler.$proc$rtl/lane_scrambler.sv:0$310'.
No latch inferred for signal `\lane_scrambler.\lfsr_next$func$rtl/lane_scrambler.sv:36$242.s' from process `\lane_scrambler.$proc$rtl/lane_scrambler.sv:0$310'.
No latch inferred for signal `\lane_scrambler.\lfsr_next$func$rtl/lane_scrambler.sv:36$242.n' from process `\lane_scrambler.$proc$rtl/lane_scrambler.sv:0$310'.
No latch inferred for signal `\lane_scrambler.\lfsr_next$func$rtl/lane_scrambler.sv:36$243.$result' from process `\lane_scrambler.$proc$rtl/lane_scrambler.sv:0$310'.
No latch inferred for signal `\lane_scrambler.\lfsr_next$func$rtl/lane_scrambler.sv:36$243.s' from process `\lane_scrambler.$proc$rtl/lane_scrambler.sv:0$310'.
No latch inferred for signal `\lane_scrambler.\lfsr_next$func$rtl/lane_scrambler.sv:36$243.n' from process `\lane_scrambler.$proc$rtl/lane_scrambler.sv:0$310'.
No latch inferred for signal `\lane_scrambler.\lfsr_next$func$rtl/lane_scrambler.sv:36$244.$result' from process `\lane_scrambler.$proc$rtl/lane_scrambler.sv:0$310'.
No latch inferred for signal `\lane_scrambler.\lfsr_next$func$rtl/lane_scrambler.sv:36$244.s' from process `\lane_scrambler.$proc$rtl/lane_scrambler.sv:0$310'.
No latch inferred for signal `\lane_scrambler.\lfsr_next$func$rtl/lane_scrambler.sv:36$244.n' from process `\lane_scrambler.$proc$rtl/lane_scrambler.sv:0$310'.
No latch inferred for signal `\lane_scrambler.$for_loop$47[3].$unnamed_block$48.scr_result' from process `\lane_scrambler.$proc$rtl/lane_scrambler.sv:0$310'.
No latch inferred for signal `\lane_scrambler.\scramble_word$func$rtl/lane_scrambler.sv:46$245.$result' from process `\lane_scrambler.$proc$rtl/lane_scrambler.sv:0$310'.
No latch inferred for signal `\lane_scrambler.\scramble_word$func$rtl/lane_scrambler.sv:46$245.d' from process `\lane_scrambler.$proc$rtl/lane_scrambler.sv:0$310'.
No latch inferred for signal `\lane_scrambler.\scramble_word$func$rtl/lane_scrambler.sv:46$245.s' from process `\lane_scrambler.$proc$rtl/lane_scrambler.sv:0$310'.
No latch inferred for signal `\lane_scrambler.\scramble_word$func$rtl/lane_scrambler.sv:46$245.y' from process `\lane_scrambler.$proc$rtl/lane_scrambler.sv:0$310'.
No latch inferred for signal `\lane_scrambler.\scramble_word$func$rtl/lane_scrambler.sv:46$245.st' from process `\lane_scrambler.$proc$rtl/lane_scrambler.sv:0$310'.
No latch inferred for signal `\lane_scrambler.\scramble_word$func$rtl/lane_scrambler.sv:46$245.k' from process `\lane_scrambler.$proc$rtl/lane_scrambler.sv:0$310'.
No latch inferred for signal `\lane_scrambler.\lfsr_next$func$rtl/lane_scrambler.sv:36$246.$result' from process `\lane_scrambler.$proc$rtl/lane_scrambler.sv:0$310'.
No latch inferred for signal `\lane_scrambler.\lfsr_next$func$rtl/lane_scrambler.sv:36$246.s' from process `\lane_scrambler.$proc$rtl/lane_scrambler.sv:0$310'.
No latch inferred for signal `\lane_scrambler.\lfsr_next$func$rtl/lane_scrambler.sv:36$246.n' from process `\lane_scrambler.$proc$rtl/lane_scrambler.sv:0$310'.
No latch inferred for signal `\lane_scrambler.\lfsr_next$func$rtl/lane_scrambler.sv:36$247.$result' from process `\lane_scrambler.$proc$rtl/lane_scrambler.sv:0$310'.
No latch inferred for signal `\lane_scrambler.\lfsr_next$func$rtl/lane_scrambler.sv:36$247.s' from process `\lane_scrambler.$proc$rtl/lane_scrambler.sv:0$310'.
No latch inferred for signal `\lane_scrambler.\lfsr_next$func$rtl/lane_scrambler.sv:36$247.n' from process `\lane_scrambler.$proc$rtl/lane_scrambler.sv:0$310'.
No latch inferred for signal `\lane_scrambler.\lfsr_next$func$rtl/lane_scrambler.sv:36$248.$result' from process `\lane_scrambler.$proc$rtl/lane_scrambler.sv:0$310'.
No latch inferred for signal `\lane_scrambler.\lfsr_next$func$rtl/lane_scrambler.sv:36$248.s' from process `\lane_scrambler.$proc$rtl/lane_scrambler.sv:0$310'.
No latch inferred for signal `\lane_scrambler.\lfsr_next$func$rtl/lane_scrambler.sv:36$248.n' from process `\lane_scrambler.$proc$rtl/lane_scrambler.sv:0$310'.
No latch inferred for signal `\lane_scrambler.\lfsr_next$func$rtl/lane_scrambler.sv:36$249.$result' from process `\lane_scrambler.$proc$rtl/lane_scrambler.sv:0$310'.
No latch inferred for signal `\lane_scrambler.\lfsr_next$func$rtl/lane_scrambler.sv:36$249.s' from process `\lane_scrambler.$proc$rtl/lane_scrambler.sv:0$310'.
No latch inferred for signal `\lane_scrambler.\lfsr_next$func$rtl/lane_scrambler.sv:36$249.n' from process `\lane_scrambler.$proc$rtl/lane_scrambler.sv:0$310'.
No latch inferred for signal `\lane_scrambler.\lfsr_next$func$rtl/lane_scrambler.sv:36$250.$result' from process `\lane_scrambler.$proc$rtl/lane_scrambler.sv:0$310'.
No latch inferred for signal `\lane_scrambler.\lfsr_next$func$rtl/lane_scrambler.sv:36$250.s' from process `\lane_scrambler.$proc$rtl/lane_scrambler.sv:0$310'.
No latch inferred for signal `\lane_scrambler.\lfsr_next$func$rtl/lane_scrambler.sv:36$250.n' from process `\lane_scrambler.$proc$rtl/lane_scrambler.sv:0$310'.
No latch inferred for signal `\lane_scrambler.\lfsr_next$func$rtl/lane_scrambler.sv:36$251.$result' from process `\lane_scrambler.$proc$rtl/lane_scrambler.sv:0$310'.
No latch inferred for signal `\lane_scrambler.\lfsr_next$func$rtl/lane_scrambler.sv:36$251.s' from process `\lane_scrambler.$proc$rtl/lane_scrambler.sv:0$310'.
No latch inferred for signal `\lane_scrambler.\lfsr_next$func$rtl/lane_scrambler.sv:36$251.n' from process `\lane_scrambler.$proc$rtl/lane_scrambler.sv:0$310'.
No latch inferred for signal `\lane_scrambler.\lfsr_next$func$rtl/lane_scrambler.sv:36$252.$result' from process `\lane_scrambler.$proc$rtl/lane_scrambler.sv:0$310'.
No latch inferred for signal `\lane_scrambler.\lfsr_next$func$rtl/lane_scrambler.sv:36$252.s' from process `\lane_scrambler.$proc$rtl/lane_scrambler.sv:0$310'.
No latch inferred for signal `\lane_scrambler.\lfsr_next$func$rtl/lane_scrambler.sv:36$252.n' from process `\lane_scrambler.$proc$rtl/lane_scrambler.sv:0$310'.
No latch inferred for signal `\lane_scrambler.\lfsr_next$func$rtl/lane_scrambler.sv:36$253.$result' from process `\lane_scrambler.$proc$rtl/lane_scrambler.sv:0$310'.
No latch inferred for signal `\lane_scrambler.\lfsr_next$func$rtl/lane_scrambler.sv:36$253.s' from process `\lane_scrambler.$proc$rtl/lane_scrambler.sv:0$310'.
No latch inferred for signal `\lane_scrambler.\lfsr_next$func$rtl/lane_scrambler.sv:36$253.n' from process `\lane_scrambler.$proc$rtl/lane_scrambler.sv:0$310'.
No latch inferred for signal `\lane_scrambler.\lfsr_next$func$rtl/lane_scrambler.sv:36$254.$result' from process `\lane_scrambler.$proc$rtl/lane_scrambler.sv:0$310'.
No latch inferred for signal `\lane_scrambler.\lfsr_next$func$rtl/lane_scrambler.sv:36$254.s' from process `\lane_scrambler.$proc$rtl/lane_scrambler.sv:0$310'.
No latch inferred for signal `\lane_scrambler.\lfsr_next$func$rtl/lane_scrambler.sv:36$254.n' from process `\lane_scrambler.$proc$rtl/lane_scrambler.sv:0$310'.
No latch inferred for signal `\lane_scrambler.\lfsr_next$func$rtl/lane_scrambler.sv:36$255.$result' from process `\lane_scrambler.$proc$rtl/lane_scrambler.sv:0$310'.
No latch inferred for signal `\lane_scrambler.\lfsr_next$func$rtl/lane_scrambler.sv:36$255.s' from process `\lane_scrambler.$proc$rtl/lane_scrambler.sv:0$310'.
No latch inferred for signal `\lane_scrambler.\lfsr_next$func$rtl/lane_scrambler.sv:36$255.n' from process `\lane_scrambler.$proc$rtl/lane_scrambler.sv:0$310'.
No latch inferred for signal `\lane_scrambler.\lfsr_next$func$rtl/lane_scrambler.sv:36$256.$result' from process `\lane_scrambler.$proc$rtl/lane_scrambler.sv:0$310'.
No latch inferred for signal `\lane_scrambler.\lfsr_next$func$rtl/lane_scrambler.sv:36$256.s' from process `\lane_scrambler.$proc$rtl/lane_scrambler.sv:0$310'.
No latch inferred for signal `\lane_scrambler.\lfsr_next$func$rtl/lane_scrambler.sv:36$256.n' from process `\lane_scrambler.$proc$rtl/lane_scrambler.sv:0$310'.
No latch inferred for signal `\lane_scrambler.\lfsr_next$func$rtl/lane_scrambler.sv:36$257.$result' from process `\lane_scrambler.$proc$rtl/lane_scrambler.sv:0$310'.
No latch inferred for signal `\lane_scrambler.\lfsr_next$func$rtl/lane_scrambler.sv:36$257.s' from process `\lane_scrambler.$proc$rtl/lane_scrambler.sv:0$310'.
No latch inferred for signal `\lane_scrambler.\lfsr_next$func$rtl/lane_scrambler.sv:36$257.n' from process `\lane_scrambler.$proc$rtl/lane_scrambler.sv:0$310'.
No latch inferred for signal `\lane_scrambler.\lfsr_next$func$rtl/lane_scrambler.sv:36$258.$result' from process `\lane_scrambler.$proc$rtl/lane_scrambler.sv:0$310'.
No latch inferred for signal `\lane_scrambler.\lfsr_next$func$rtl/lane_scrambler.sv:36$258.s' from process `\lane_scrambler.$proc$rtl/lane_scrambler.sv:0$310'.
No latch inferred for signal `\lane_scrambler.\lfsr_next$func$rtl/lane_scrambler.sv:36$258.n' from process `\lane_scrambler.$proc$rtl/lane_scrambler.sv:0$310'.
No latch inferred for signal `\lane_scrambler.\lfsr_next$func$rtl/lane_scrambler.sv:36$259.$result' from process `\lane_scrambler.$proc$rtl/lane_scrambler.sv:0$310'.
No latch inferred for signal `\lane_scrambler.\lfsr_next$func$rtl/lane_scrambler.sv:36$259.s' from process `\lane_scrambler.$proc$rtl/lane_scrambler.sv:0$310'.
No latch inferred for signal `\lane_scrambler.\lfsr_next$func$rtl/lane_scrambler.sv:36$259.n' from process `\lane_scrambler.$proc$rtl/lane_scrambler.sv:0$310'.
No latch inferred for signal `\lane_scrambler.\lfsr_next$func$rtl/lane_scrambler.sv:36$260.$result' from process `\lane_scrambler.$proc$rtl/lane_scrambler.sv:0$310'.
No latch inferred for signal `\lane_scrambler.\lfsr_next$func$rtl/lane_scrambler.sv:36$260.s' from process `\lane_scrambler.$proc$rtl/lane_scrambler.sv:0$310'.
No latch inferred for signal `\lane_scrambler.\lfsr_next$func$rtl/lane_scrambler.sv:36$260.n' from process `\lane_scrambler.$proc$rtl/lane_scrambler.sv:0$310'.
No latch inferred for signal `\lane_scrambler.\lfsr_next$func$rtl/lane_scrambler.sv:36$261.$result' from process `\lane_scrambler.$proc$rtl/lane_scrambler.sv:0$310'.
No latch inferred for signal `\lane_scrambler.\lfsr_next$func$rtl/lane_scrambler.sv:36$261.s' from process `\lane_scrambler.$proc$rtl/lane_scrambler.sv:0$310'.
No latch inferred for signal `\lane_scrambler.\lfsr_next$func$rtl/lane_scrambler.sv:36$261.n' from process `\lane_scrambler.$proc$rtl/lane_scrambler.sv:0$310'.
No latch inferred for signal `\lane_scrambler.\lfsr_next$func$rtl/lane_scrambler.sv:36$262.$result' from process `\lane_scrambler.$proc$rtl/lane_scrambler.sv:0$310'.
No latch inferred for signal `\lane_scrambler.\lfsr_next$func$rtl/lane_scrambler.sv:36$262.s' from process `\lane_scrambler.$proc$rtl/lane_scrambler.sv:0$310'.
No latch inferred for signal `\lane_scrambler.\lfsr_next$func$rtl/lane_scrambler.sv:36$262.n' from process `\lane_scrambler.$proc$rtl/lane_scrambler.sv:0$310'.
No latch inferred for signal `\lane_scrambler.\lfsr_next$func$rtl/lane_scrambler.sv:36$263.$result' from process `\lane_scrambler.$proc$rtl/lane_scrambler.sv:0$310'.
No latch inferred for signal `\lane_scrambler.\lfsr_next$func$rtl/lane_scrambler.sv:36$263.s' from process `\lane_scrambler.$proc$rtl/lane_scrambler.sv:0$310'.
No latch inferred for signal `\lane_scrambler.\lfsr_next$func$rtl/lane_scrambler.sv:36$263.n' from process `\lane_scrambler.$proc$rtl/lane_scrambler.sv:0$310'.
No latch inferred for signal `\lane_scrambler.\lfsr_next$func$rtl/lane_scrambler.sv:36$264.$result' from process `\lane_scrambler.$proc$rtl/lane_scrambler.sv:0$310'.
No latch inferred for signal `\lane_scrambler.\lfsr_next$func$rtl/lane_scrambler.sv:36$264.s' from process `\lane_scrambler.$proc$rtl/lane_scrambler.sv:0$310'.
No latch inferred for signal `\lane_scrambler.\lfsr_next$func$rtl/lane_scrambler.sv:36$264.n' from process `\lane_scrambler.$proc$rtl/lane_scrambler.sv:0$310'.
No latch inferred for signal `\lane_scrambler.\lfsr_next$func$rtl/lane_scrambler.sv:36$265.$result' from process `\lane_scrambler.$proc$rtl/lane_scrambler.sv:0$310'.
No latch inferred for signal `\lane_scrambler.\lfsr_next$func$rtl/lane_scrambler.sv:36$265.s' from process `\lane_scrambler.$proc$rtl/lane_scrambler.sv:0$310'.
No latch inferred for signal `\lane_scrambler.\lfsr_next$func$rtl/lane_scrambler.sv:36$265.n' from process `\lane_scrambler.$proc$rtl/lane_scrambler.sv:0$310'.
No latch inferred for signal `\lane_scrambler.\lfsr_next$func$rtl/lane_scrambler.sv:36$266.$result' from process `\lane_scrambler.$proc$rtl/lane_scrambler.sv:0$310'.
No latch inferred for signal `\lane_scrambler.\lfsr_next$func$rtl/lane_scrambler.sv:36$266.s' from process `\lane_scrambler.$proc$rtl/lane_scrambler.sv:0$310'.
No latch inferred for signal `\lane_scrambler.\lfsr_next$func$rtl/lane_scrambler.sv:36$266.n' from process `\lane_scrambler.$proc$rtl/lane_scrambler.sv:0$310'.
No latch inferred for signal `\lane_scrambler.\lfsr_next$func$rtl/lane_scrambler.sv:36$267.$result' from process `\lane_scrambler.$proc$rtl/lane_scrambler.sv:0$310'.
No latch inferred for signal `\lane_scrambler.\lfsr_next$func$rtl/lane_scrambler.sv:36$267.s' from process `\lane_scrambler.$proc$rtl/lane_scrambler.sv:0$310'.
No latch inferred for signal `\lane_scrambler.\lfsr_next$func$rtl/lane_scrambler.sv:36$267.n' from process `\lane_scrambler.$proc$rtl/lane_scrambler.sv:0$310'.
No latch inferred for signal `\lane_scrambler.\lfsr_next$func$rtl/lane_scrambler.sv:36$268.$result' from process `\lane_scrambler.$proc$rtl/lane_scrambler.sv:0$310'.
No latch inferred for signal `\lane_scrambler.\lfsr_next$func$rtl/lane_scrambler.sv:36$268.s' from process `\lane_scrambler.$proc$rtl/lane_scrambler.sv:0$310'.
No latch inferred for signal `\lane_scrambler.\lfsr_next$func$rtl/lane_scrambler.sv:36$268.n' from process `\lane_scrambler.$proc$rtl/lane_scrambler.sv:0$310'.
No latch inferred for signal `\lane_scrambler.\lfsr_next$func$rtl/lane_scrambler.sv:36$269.$result' from process `\lane_scrambler.$proc$rtl/lane_scrambler.sv:0$310'.
No latch inferred for signal `\lane_scrambler.\lfsr_next$func$rtl/lane_scrambler.sv:36$269.s' from process `\lane_scrambler.$proc$rtl/lane_scrambler.sv:0$310'.
No latch inferred for signal `\lane_scrambler.\lfsr_next$func$rtl/lane_scrambler.sv:36$269.n' from process `\lane_scrambler.$proc$rtl/lane_scrambler.sv:0$310'.
No latch inferred for signal `\lane_scrambler.\lfsr_next$func$rtl/lane_scrambler.sv:36$270.$result' from process `\lane_scrambler.$proc$rtl/lane_scrambler.sv:0$310'.
No latch inferred for signal `\lane_scrambler.\lfsr_next$func$rtl/lane_scrambler.sv:36$270.s' from process `\lane_scrambler.$proc$rtl/lane_scrambler.sv:0$310'.
No latch inferred for signal `\lane_scrambler.\lfsr_next$func$rtl/lane_scrambler.sv:36$270.n' from process `\lane_scrambler.$proc$rtl/lane_scrambler.sv:0$310'.
No latch inferred for signal `\lane_scrambler.\lfsr_next$func$rtl/lane_scrambler.sv:36$271.$result' from process `\lane_scrambler.$proc$rtl/lane_scrambler.sv:0$310'.
No latch inferred for signal `\lane_scrambler.\lfsr_next$func$rtl/lane_scrambler.sv:36$271.s' from process `\lane_scrambler.$proc$rtl/lane_scrambler.sv:0$310'.
No latch inferred for signal `\lane_scrambler.\lfsr_next$func$rtl/lane_scrambler.sv:36$271.n' from process `\lane_scrambler.$proc$rtl/lane_scrambler.sv:0$310'.
No latch inferred for signal `\lane_scrambler.\lfsr_next$func$rtl/lane_scrambler.sv:36$272.$result' from process `\lane_scrambler.$proc$rtl/lane_scrambler.sv:0$310'.
No latch inferred for signal `\lane_scrambler.\lfsr_next$func$rtl/lane_scrambler.sv:36$272.s' from process `\lane_scrambler.$proc$rtl/lane_scrambler.sv:0$310'.
No latch inferred for signal `\lane_scrambler.\lfsr_next$func$rtl/lane_scrambler.sv:36$272.n' from process `\lane_scrambler.$proc$rtl/lane_scrambler.sv:0$310'.
No latch inferred for signal `\lane_scrambler.\lfsr_next$func$rtl/lane_scrambler.sv:36$273.$result' from process `\lane_scrambler.$proc$rtl/lane_scrambler.sv:0$310'.
No latch inferred for signal `\lane_scrambler.\lfsr_next$func$rtl/lane_scrambler.sv:36$273.s' from process `\lane_scrambler.$proc$rtl/lane_scrambler.sv:0$310'.
No latch inferred for signal `\lane_scrambler.\lfsr_next$func$rtl/lane_scrambler.sv:36$273.n' from process `\lane_scrambler.$proc$rtl/lane_scrambler.sv:0$310'.
No latch inferred for signal `\lane_scrambler.\lfsr_next$func$rtl/lane_scrambler.sv:36$274.$result' from process `\lane_scrambler.$proc$rtl/lane_scrambler.sv:0$310'.
No latch inferred for signal `\lane_scrambler.\lfsr_next$func$rtl/lane_scrambler.sv:36$274.s' from process `\lane_scrambler.$proc$rtl/lane_scrambler.sv:0$310'.
No latch inferred for signal `\lane_scrambler.\lfsr_next$func$rtl/lane_scrambler.sv:36$274.n' from process `\lane_scrambler.$proc$rtl/lane_scrambler.sv:0$310'.
No latch inferred for signal `\lane_scrambler.\lfsr_next$func$rtl/lane_scrambler.sv:36$275.$result' from process `\lane_scrambler.$proc$rtl/lane_scrambler.sv:0$310'.
No latch inferred for signal `\lane_scrambler.\lfsr_next$func$rtl/lane_scrambler.sv:36$275.s' from process `\lane_scrambler.$proc$rtl/lane_scrambler.sv:0$310'.
No latch inferred for signal `\lane_scrambler.\lfsr_next$func$rtl/lane_scrambler.sv:36$275.n' from process `\lane_scrambler.$proc$rtl/lane_scrambler.sv:0$310'.
No latch inferred for signal `\lane_scrambler.\lfsr_next$func$rtl/lane_scrambler.sv:36$276.$result' from process `\lane_scrambler.$proc$rtl/lane_scrambler.sv:0$310'.
No latch inferred for signal `\lane_scrambler.\lfsr_next$func$rtl/lane_scrambler.sv:36$276.s' from process `\lane_scrambler.$proc$rtl/lane_scrambler.sv:0$310'.
No latch inferred for signal `\lane_scrambler.\lfsr_next$func$rtl/lane_scrambler.sv:36$276.n' from process `\lane_scrambler.$proc$rtl/lane_scrambler.sv:0$310'.
No latch inferred for signal `\lane_scrambler.\lfsr_next$func$rtl/lane_scrambler.sv:36$277.$result' from process `\lane_scrambler.$proc$rtl/lane_scrambler.sv:0$310'.
No latch inferred for signal `\lane_scrambler.\lfsr_next$func$rtl/lane_scrambler.sv:36$277.s' from process `\lane_scrambler.$proc$rtl/lane_scrambler.sv:0$310'.
No latch inferred for signal `\lane_scrambler.\lfsr_next$func$rtl/lane_scrambler.sv:36$277.n' from process `\lane_scrambler.$proc$rtl/lane_scrambler.sv:0$310'.
No latch inferred for signal `\lane_scrambler.\lfsr_next$func$rtl/lane_scrambler.sv:36$278.$result' from process `\lane_scrambler.$proc$rtl/lane_scrambler.sv:0$310'.
No latch inferred for signal `\lane_scrambler.\lfsr_next$func$rtl/lane_scrambler.sv:36$278.s' from process `\lane_scrambler.$proc$rtl/lane_scrambler.sv:0$310'.
No latch inferred for signal `\lane_scrambler.\lfsr_next$func$rtl/lane_scrambler.sv:36$278.n' from process `\lane_scrambler.$proc$rtl/lane_scrambler.sv:0$310'.
No latch inferred for signal `\lane_scrambler.\lfsr_next$func$rtl/lane_scrambler.sv:36$279.$result' from process `\lane_scrambler.$proc$rtl/lane_scrambler.sv:0$310'.
No latch inferred for signal `\lane_scrambler.\lfsr_next$func$rtl/lane_scrambler.sv:36$279.s' from process `\lane_scrambler.$proc$rtl/lane_scrambler.sv:0$310'.
No latch inferred for signal `\lane_scrambler.\lfsr_next$func$rtl/lane_scrambler.sv:36$279.n' from process `\lane_scrambler.$proc$rtl/lane_scrambler.sv:0$310'.
No latch inferred for signal `\lane_scrambler.\lfsr_next$func$rtl/lane_scrambler.sv:36$280.$result' from process `\lane_scrambler.$proc$rtl/lane_scrambler.sv:0$310'.
No latch inferred for signal `\lane_scrambler.\lfsr_next$func$rtl/lane_scrambler.sv:36$280.s' from process `\lane_scrambler.$proc$rtl/lane_scrambler.sv:0$310'.
No latch inferred for signal `\lane_scrambler.\lfsr_next$func$rtl/lane_scrambler.sv:36$280.n' from process `\lane_scrambler.$proc$rtl/lane_scrambler.sv:0$310'.
No latch inferred for signal `\lane_scrambler.\lfsr_next$func$rtl/lane_scrambler.sv:36$281.$result' from process `\lane_scrambler.$proc$rtl/lane_scrambler.sv:0$310'.
No latch inferred for signal `\lane_scrambler.\lfsr_next$func$rtl/lane_scrambler.sv:36$281.s' from process `\lane_scrambler.$proc$rtl/lane_scrambler.sv:0$310'.
No latch inferred for signal `\lane_scrambler.\lfsr_next$func$rtl/lane_scrambler.sv:36$281.n' from process `\lane_scrambler.$proc$rtl/lane_scrambler.sv:0$310'.
No latch inferred for signal `\lane_scrambler.\lfsr_next$func$rtl/lane_scrambler.sv:36$282.$result' from process `\lane_scrambler.$proc$rtl/lane_scrambler.sv:0$310'.
No latch inferred for signal `\lane_scrambler.\lfsr_next$func$rtl/lane_scrambler.sv:36$282.s' from process `\lane_scrambler.$proc$rtl/lane_scrambler.sv:0$310'.
No latch inferred for signal `\lane_scrambler.\lfsr_next$func$rtl/lane_scrambler.sv:36$282.n' from process `\lane_scrambler.$proc$rtl/lane_scrambler.sv:0$310'.
No latch inferred for signal `\lane_scrambler.\lfsr_next$func$rtl/lane_scrambler.sv:36$283.$result' from process `\lane_scrambler.$proc$rtl/lane_scrambler.sv:0$310'.
No latch inferred for signal `\lane_scrambler.\lfsr_next$func$rtl/lane_scrambler.sv:36$283.s' from process `\lane_scrambler.$proc$rtl/lane_scrambler.sv:0$310'.
No latch inferred for signal `\lane_scrambler.\lfsr_next$func$rtl/lane_scrambler.sv:36$283.n' from process `\lane_scrambler.$proc$rtl/lane_scrambler.sv:0$310'.
No latch inferred for signal `\lane_scrambler.\lfsr_next$func$rtl/lane_scrambler.sv:36$284.$result' from process `\lane_scrambler.$proc$rtl/lane_scrambler.sv:0$310'.
No latch inferred for signal `\lane_scrambler.\lfsr_next$func$rtl/lane_scrambler.sv:36$284.s' from process `\lane_scrambler.$proc$rtl/lane_scrambler.sv:0$310'.
No latch inferred for signal `\lane_scrambler.\lfsr_next$func$rtl/lane_scrambler.sv:36$284.n' from process `\lane_scrambler.$proc$rtl/lane_scrambler.sv:0$310'.
No latch inferred for signal `\lane_scrambler.\lfsr_next$func$rtl/lane_scrambler.sv:36$285.$result' from process `\lane_scrambler.$proc$rtl/lane_scrambler.sv:0$310'.
No latch inferred for signal `\lane_scrambler.\lfsr_next$func$rtl/lane_scrambler.sv:36$285.s' from process `\lane_scrambler.$proc$rtl/lane_scrambler.sv:0$310'.
No latch inferred for signal `\lane_scrambler.\lfsr_next$func$rtl/lane_scrambler.sv:36$285.n' from process `\lane_scrambler.$proc$rtl/lane_scrambler.sv:0$310'.
No latch inferred for signal `\lane_scrambler.\lfsr_next$func$rtl/lane_scrambler.sv:36$286.$result' from process `\lane_scrambler.$proc$rtl/lane_scrambler.sv:0$310'.
No latch inferred for signal `\lane_scrambler.\lfsr_next$func$rtl/lane_scrambler.sv:36$286.s' from process `\lane_scrambler.$proc$rtl/lane_scrambler.sv:0$310'.
No latch inferred for signal `\lane_scrambler.\lfsr_next$func$rtl/lane_scrambler.sv:36$286.n' from process `\lane_scrambler.$proc$rtl/lane_scrambler.sv:0$310'.
No latch inferred for signal `\lane_scrambler.\lfsr_next$func$rtl/lane_scrambler.sv:36$287.$result' from process `\lane_scrambler.$proc$rtl/lane_scrambler.sv:0$310'.
No latch inferred for signal `\lane_scrambler.\lfsr_next$func$rtl/lane_scrambler.sv:36$287.s' from process `\lane_scrambler.$proc$rtl/lane_scrambler.sv:0$310'.
No latch inferred for signal `\lane_scrambler.\lfsr_next$func$rtl/lane_scrambler.sv:36$287.n' from process `\lane_scrambler.$proc$rtl/lane_scrambler.sv:0$310'.
No latch inferred for signal `\lane_scrambler.\lfsr_next$func$rtl/lane_scrambler.sv:36$288.$result' from process `\lane_scrambler.$proc$rtl/lane_scrambler.sv:0$310'.
No latch inferred for signal `\lane_scrambler.\lfsr_next$func$rtl/lane_scrambler.sv:36$288.s' from process `\lane_scrambler.$proc$rtl/lane_scrambler.sv:0$310'.
No latch inferred for signal `\lane_scrambler.\lfsr_next$func$rtl/lane_scrambler.sv:36$288.n' from process `\lane_scrambler.$proc$rtl/lane_scrambler.sv:0$310'.
No latch inferred for signal `\lane_scrambler.\lfsr_next$func$rtl/lane_scrambler.sv:36$289.$result' from process `\lane_scrambler.$proc$rtl/lane_scrambler.sv:0$310'.
No latch inferred for signal `\lane_scrambler.\lfsr_next$func$rtl/lane_scrambler.sv:36$289.s' from process `\lane_scrambler.$proc$rtl/lane_scrambler.sv:0$310'.
No latch inferred for signal `\lane_scrambler.\lfsr_next$func$rtl/lane_scrambler.sv:36$289.n' from process `\lane_scrambler.$proc$rtl/lane_scrambler.sv:0$310'.
No latch inferred for signal `\lane_scrambler.\lfsr_next$func$rtl/lane_scrambler.sv:36$290.$result' from process `\lane_scrambler.$proc$rtl/lane_scrambler.sv:0$310'.
No latch inferred for signal `\lane_scrambler.\lfsr_next$func$rtl/lane_scrambler.sv:36$290.s' from process `\lane_scrambler.$proc$rtl/lane_scrambler.sv:0$310'.
No latch inferred for signal `\lane_scrambler.\lfsr_next$func$rtl/lane_scrambler.sv:36$290.n' from process `\lane_scrambler.$proc$rtl/lane_scrambler.sv:0$310'.
No latch inferred for signal `\lane_scrambler.\lfsr_next$func$rtl/lane_scrambler.sv:36$291.$result' from process `\lane_scrambler.$proc$rtl/lane_scrambler.sv:0$310'.
No latch inferred for signal `\lane_scrambler.\lfsr_next$func$rtl/lane_scrambler.sv:36$291.s' from process `\lane_scrambler.$proc$rtl/lane_scrambler.sv:0$310'.
No latch inferred for signal `\lane_scrambler.\lfsr_next$func$rtl/lane_scrambler.sv:36$291.n' from process `\lane_scrambler.$proc$rtl/lane_scrambler.sv:0$310'.
No latch inferred for signal `\lane_scrambler.\lfsr_next$func$rtl/lane_scrambler.sv:36$292.$result' from process `\lane_scrambler.$proc$rtl/lane_scrambler.sv:0$310'.
No latch inferred for signal `\lane_scrambler.\lfsr_next$func$rtl/lane_scrambler.sv:36$292.s' from process `\lane_scrambler.$proc$rtl/lane_scrambler.sv:0$310'.
No latch inferred for signal `\lane_scrambler.\lfsr_next$func$rtl/lane_scrambler.sv:36$292.n' from process `\lane_scrambler.$proc$rtl/lane_scrambler.sv:0$310'.
No latch inferred for signal `\lane_scrambler.\lfsr_next$func$rtl/lane_scrambler.sv:36$293.$result' from process `\lane_scrambler.$proc$rtl/lane_scrambler.sv:0$310'.
No latch inferred for signal `\lane_scrambler.\lfsr_next$func$rtl/lane_scrambler.sv:36$293.s' from process `\lane_scrambler.$proc$rtl/lane_scrambler.sv:0$310'.
No latch inferred for signal `\lane_scrambler.\lfsr_next$func$rtl/lane_scrambler.sv:36$293.n' from process `\lane_scrambler.$proc$rtl/lane_scrambler.sv:0$310'.
No latch inferred for signal `\lane_scrambler.\lfsr_next$func$rtl/lane_scrambler.sv:36$294.$result' from process `\lane_scrambler.$proc$rtl/lane_scrambler.sv:0$310'.
No latch inferred for signal `\lane_scrambler.\lfsr_next$func$rtl/lane_scrambler.sv:36$294.s' from process `\lane_scrambler.$proc$rtl/lane_scrambler.sv:0$310'.
No latch inferred for signal `\lane_scrambler.\lfsr_next$func$rtl/lane_scrambler.sv:36$294.n' from process `\lane_scrambler.$proc$rtl/lane_scrambler.sv:0$310'.
No latch inferred for signal `\lane_scrambler.\lfsr_next$func$rtl/lane_scrambler.sv:36$295.$result' from process `\lane_scrambler.$proc$rtl/lane_scrambler.sv:0$310'.
No latch inferred for signal `\lane_scrambler.\lfsr_next$func$rtl/lane_scrambler.sv:36$295.s' from process `\lane_scrambler.$proc$rtl/lane_scrambler.sv:0$310'.
No latch inferred for signal `\lane_scrambler.\lfsr_next$func$rtl/lane_scrambler.sv:36$295.n' from process `\lane_scrambler.$proc$rtl/lane_scrambler.sv:0$310'.
No latch inferred for signal `\lane_scrambler.\lfsr_next$func$rtl/lane_scrambler.sv:36$296.$result' from process `\lane_scrambler.$proc$rtl/lane_scrambler.sv:0$310'.
No latch inferred for signal `\lane_scrambler.\lfsr_next$func$rtl/lane_scrambler.sv:36$296.s' from process `\lane_scrambler.$proc$rtl/lane_scrambler.sv:0$310'.
No latch inferred for signal `\lane_scrambler.\lfsr_next$func$rtl/lane_scrambler.sv:36$296.n' from process `\lane_scrambler.$proc$rtl/lane_scrambler.sv:0$310'.
No latch inferred for signal `\lane_scrambler.\lfsr_next$func$rtl/lane_scrambler.sv:36$297.$result' from process `\lane_scrambler.$proc$rtl/lane_scrambler.sv:0$310'.
No latch inferred for signal `\lane_scrambler.\lfsr_next$func$rtl/lane_scrambler.sv:36$297.s' from process `\lane_scrambler.$proc$rtl/lane_scrambler.sv:0$310'.
No latch inferred for signal `\lane_scrambler.\lfsr_next$func$rtl/lane_scrambler.sv:36$297.n' from process `\lane_scrambler.$proc$rtl/lane_scrambler.sv:0$310'.
No latch inferred for signal `\lane_scrambler.\lfsr_next$func$rtl/lane_scrambler.sv:36$298.$result' from process `\lane_scrambler.$proc$rtl/lane_scrambler.sv:0$310'.
No latch inferred for signal `\lane_scrambler.\lfsr_next$func$rtl/lane_scrambler.sv:36$298.s' from process `\lane_scrambler.$proc$rtl/lane_scrambler.sv:0$310'.
No latch inferred for signal `\lane_scrambler.\lfsr_next$func$rtl/lane_scrambler.sv:36$298.n' from process `\lane_scrambler.$proc$rtl/lane_scrambler.sv:0$310'.
No latch inferred for signal `\lane_scrambler.\lfsr_next$func$rtl/lane_scrambler.sv:36$299.$result' from process `\lane_scrambler.$proc$rtl/lane_scrambler.sv:0$310'.
No latch inferred for signal `\lane_scrambler.\lfsr_next$func$rtl/lane_scrambler.sv:36$299.s' from process `\lane_scrambler.$proc$rtl/lane_scrambler.sv:0$310'.
No latch inferred for signal `\lane_scrambler.\lfsr_next$func$rtl/lane_scrambler.sv:36$299.n' from process `\lane_scrambler.$proc$rtl/lane_scrambler.sv:0$310'.
No latch inferred for signal `\lane_scrambler.\lfsr_next$func$rtl/lane_scrambler.sv:36$300.$result' from process `\lane_scrambler.$proc$rtl/lane_scrambler.sv:0$310'.
No latch inferred for signal `\lane_scrambler.\lfsr_next$func$rtl/lane_scrambler.sv:36$300.s' from process `\lane_scrambler.$proc$rtl/lane_scrambler.sv:0$310'.
No latch inferred for signal `\lane_scrambler.\lfsr_next$func$rtl/lane_scrambler.sv:36$300.n' from process `\lane_scrambler.$proc$rtl/lane_scrambler.sv:0$310'.
No latch inferred for signal `\lane_scrambler.\lfsr_next$func$rtl/lane_scrambler.sv:36$301.$result' from process `\lane_scrambler.$proc$rtl/lane_scrambler.sv:0$310'.
No latch inferred for signal `\lane_scrambler.\lfsr_next$func$rtl/lane_scrambler.sv:36$301.s' from process `\lane_scrambler.$proc$rtl/lane_scrambler.sv:0$310'.
No latch inferred for signal `\lane_scrambler.\lfsr_next$func$rtl/lane_scrambler.sv:36$301.n' from process `\lane_scrambler.$proc$rtl/lane_scrambler.sv:0$310'.
No latch inferred for signal `\lane_scrambler.\lfsr_next$func$rtl/lane_scrambler.sv:36$302.$result' from process `\lane_scrambler.$proc$rtl/lane_scrambler.sv:0$310'.
No latch inferred for signal `\lane_scrambler.\lfsr_next$func$rtl/lane_scrambler.sv:36$302.s' from process `\lane_scrambler.$proc$rtl/lane_scrambler.sv:0$310'.
No latch inferred for signal `\lane_scrambler.\lfsr_next$func$rtl/lane_scrambler.sv:36$302.n' from process `\lane_scrambler.$proc$rtl/lane_scrambler.sv:0$310'.
No latch inferred for signal `\lane_scrambler.\lfsr_next$func$rtl/lane_scrambler.sv:36$303.$result' from process `\lane_scrambler.$proc$rtl/lane_scrambler.sv:0$310'.
No latch inferred for signal `\lane_scrambler.\lfsr_next$func$rtl/lane_scrambler.sv:36$303.s' from process `\lane_scrambler.$proc$rtl/lane_scrambler.sv:0$310'.
No latch inferred for signal `\lane_scrambler.\lfsr_next$func$rtl/lane_scrambler.sv:36$303.n' from process `\lane_scrambler.$proc$rtl/lane_scrambler.sv:0$310'.
No latch inferred for signal `\lane_scrambler.\lfsr_next$func$rtl/lane_scrambler.sv:36$304.$result' from process `\lane_scrambler.$proc$rtl/lane_scrambler.sv:0$310'.
No latch inferred for signal `\lane_scrambler.\lfsr_next$func$rtl/lane_scrambler.sv:36$304.s' from process `\lane_scrambler.$proc$rtl/lane_scrambler.sv:0$310'.
No latch inferred for signal `\lane_scrambler.\lfsr_next$func$rtl/lane_scrambler.sv:36$304.n' from process `\lane_scrambler.$proc$rtl/lane_scrambler.sv:0$310'.
No latch inferred for signal `\lane_scrambler.\lfsr_next$func$rtl/lane_scrambler.sv:36$305.$result' from process `\lane_scrambler.$proc$rtl/lane_scrambler.sv:0$310'.
No latch inferred for signal `\lane_scrambler.\lfsr_next$func$rtl/lane_scrambler.sv:36$305.s' from process `\lane_scrambler.$proc$rtl/lane_scrambler.sv:0$310'.
No latch inferred for signal `\lane_scrambler.\lfsr_next$func$rtl/lane_scrambler.sv:36$305.n' from process `\lane_scrambler.$proc$rtl/lane_scrambler.sv:0$310'.
No latch inferred for signal `\lane_scrambler.\lfsr_next$func$rtl/lane_scrambler.sv:36$306.$result' from process `\lane_scrambler.$proc$rtl/lane_scrambler.sv:0$310'.
No latch inferred for signal `\lane_scrambler.\lfsr_next$func$rtl/lane_scrambler.sv:36$306.s' from process `\lane_scrambler.$proc$rtl/lane_scrambler.sv:0$310'.
No latch inferred for signal `\lane_scrambler.\lfsr_next$func$rtl/lane_scrambler.sv:36$306.n' from process `\lane_scrambler.$proc$rtl/lane_scrambler.sv:0$310'.
No latch inferred for signal `\lane_scrambler.\lfsr_next$func$rtl/lane_scrambler.sv:36$307.$result' from process `\lane_scrambler.$proc$rtl/lane_scrambler.sv:0$310'.
No latch inferred for signal `\lane_scrambler.\lfsr_next$func$rtl/lane_scrambler.sv:36$307.s' from process `\lane_scrambler.$proc$rtl/lane_scrambler.sv:0$310'.
No latch inferred for signal `\lane_scrambler.\lfsr_next$func$rtl/lane_scrambler.sv:36$307.n' from process `\lane_scrambler.$proc$rtl/lane_scrambler.sv:0$310'.
No latch inferred for signal `\lane_scrambler.\lfsr_next$func$rtl/lane_scrambler.sv:36$308.$result' from process `\lane_scrambler.$proc$rtl/lane_scrambler.sv:0$310'.
No latch inferred for signal `\lane_scrambler.\lfsr_next$func$rtl/lane_scrambler.sv:36$308.s' from process `\lane_scrambler.$proc$rtl/lane_scrambler.sv:0$310'.
No latch inferred for signal `\lane_scrambler.\lfsr_next$func$rtl/lane_scrambler.sv:36$308.n' from process `\lane_scrambler.$proc$rtl/lane_scrambler.sv:0$310'.
No latch inferred for signal `\lane_scrambler.\lfsr_next$func$rtl/lane_scrambler.sv:36$309.$result' from process `\lane_scrambler.$proc$rtl/lane_scrambler.sv:0$310'.
No latch inferred for signal `\lane_scrambler.\lfsr_next$func$rtl/lane_scrambler.sv:36$309.s' from process `\lane_scrambler.$proc$rtl/lane_scrambler.sv:0$310'.
No latch inferred for signal `\lane_scrambler.\lfsr_next$func$rtl/lane_scrambler.sv:36$309.n' from process `\lane_scrambler.$proc$rtl/lane_scrambler.sv:0$310'.
No latch inferred for signal `\lane_scrambler.\lfsr_d[0]' from process `\lane_scrambler.$proc$rtl/lane_scrambler.sv:0$310'.
No latch inferred for signal `\lane_scrambler.\lfsr_d[1]' from process `\lane_scrambler.$proc$rtl/lane_scrambler.sv:0$310'.
No latch inferred for signal `\lane_scrambler.\lfsr_d[2]' from process `\lane_scrambler.$proc$rtl/lane_scrambler.sv:0$310'.
No latch inferred for signal `\lane_scrambler.\lfsr_d[3]' from process `\lane_scrambler.$proc$rtl/lane_scrambler.sv:0$310'.
No latch inferred for signal `\lane_destriper.\i' from process `\lane_destriper.$proc$rtl/lane_destriper.sv:0$45'.
No latch inferred for signal `\lane_destriper.\data_out' from process `\lane_destriper.$proc$rtl/lane_destriper.sv:0$45'.
No latch inferred for signal `\lane_striper.\lane_data' from process `\lane_striper.$proc$rtl/lane_striper.sv:0$43'.
No latch inferred for signal `\lane_striper.\i' from process `\lane_striper.$proc$rtl/lane_striper.sv:0$43'.
No latch inferred for signal `\ltssm.\link_up' from process `\ltssm.$proc$rtl/ltssm.sv:0$17'.
No latch inferred for signal `\ltssm.\tx_enable' from process `\ltssm.$proc$rtl/ltssm.sv:0$17'.
No latch inferred for signal `\ltssm.\rx_enable' from process `\ltssm.$proc$rtl/ltssm.sv:0$17'.
No latch inferred for signal `\ltssm.\training_enable' from process `\ltssm.$proc$rtl/ltssm.sv:0$17'.
No latch inferred for signal `\ltssm.\recovery_active' from process `\ltssm.$proc$rtl/ltssm.sv:0$17'.
No latch inferred for signal `\ltssm.\state' from process `\ltssm.$proc$rtl/ltssm.sv:0$17'.
No latch inferred for signal `\ltssm.\state_changed' from process `\ltssm.$proc$rtl/ltssm.sv:0$17'.
No latch inferred for signal `\ltssm.\state_d' from process `\ltssm.$proc$rtl/ltssm.sv:0$4'.
No latch inferred for signal `\ltssm.\timer_d' from process `\ltssm.$proc$rtl/ltssm.sv:0$4'.

12.2.9. Executing PROC_DFF pass (convert process syncs to FFs).
Creating register for signal `\protocol_to_phy_rx.\data_q' using process `\protocol_to_phy_rx.$proc$rtl/protocol_to_phy_rx.sv:23$2662'.
  created $adff cell `$procdff$4529' with positive edge clock and negative level reset.
Creating register for signal `\protocol_to_phy_rx.\valid_q' using process `\protocol_to_phy_rx.$proc$rtl/protocol_to_phy_rx.sv:23$2662'.
  created $adff cell `$procdff$4530' with positive edge clock and negative level reset.
Creating register for signal `\protocol_to_phy_tx.\data_q' using process `\protocol_to_phy_tx.$proc$rtl/protocol_to_phy_tx.sv:23$2653'.
  created $adff cell `$procdff$4531' with positive edge clock and negative level reset.
Creating register for signal `\protocol_to_phy_tx.\valid_q' using process `\protocol_to_phy_tx.$proc$rtl/protocol_to_phy_tx.sv:23$2653'.
  created $adff cell `$procdff$4532' with positive edge clock and negative level reset.
Creating register for signal `\lane_scrambler.\l' using process `\lane_scrambler.$proc$rtl/lane_scrambler.sv:52$2643'.
  created $dff cell `$procdff$4535' with positive edge clock.
Creating register for signal `\lane_scrambler.\lfsr_q[0]' using process `\lane_scrambler.$proc$rtl/lane_scrambler.sv:52$2643'.
  created $adff cell `$procdff$4536' with positive edge clock and negative level reset.
Creating register for signal `\lane_scrambler.\lfsr_q[1]' using process `\lane_scrambler.$proc$rtl/lane_scrambler.sv:52$2643'.
  created $adff cell `$procdff$4537' with positive edge clock and negative level reset.
Creating register for signal `\lane_scrambler.\lfsr_q[2]' using process `\lane_scrambler.$proc$rtl/lane_scrambler.sv:52$2643'.
  created $adff cell `$procdff$4538' with positive edge clock and negative level reset.
Creating register for signal `\lane_scrambler.\lfsr_q[3]' using process `\lane_scrambler.$proc$rtl/lane_scrambler.sv:52$2643'.
  created $adff cell `$procdff$4539' with positive edge clock and negative level reset.
Creating register for signal `\ltssm.\state_q' using process `\ltssm.$proc$rtl/ltssm.sv:143$15'.
  created $adff cell `$procdff$4540' with positive edge clock and negative level reset.
Creating register for signal `\ltssm.\timer_q' using process `\ltssm.$proc$rtl/ltssm.sv:143$15'.
  created $adff cell `$procdff$4541' with positive edge clock and negative level reset.

12.2.10. Executing PROC_MEMWR pass (convert process memory writes to cells).

12.2.11. Executing PROC_CLEAN pass (remove empty switches from decision trees).
Found and cleaned up 3 empty switches in `\protocol_to_phy_rx.$proc$rtl/protocol_to_phy_rx.sv:23$2662'.
Removing empty process `protocol_to_phy_rx.$proc$rtl/protocol_to_phy_rx.sv:23$2662'.
Found and cleaned up 3 empty switches in `\protocol_to_phy_tx.$proc$rtl/protocol_to_phy_tx.sv:23$2653'.
Removing empty process `protocol_to_phy_tx.$proc$rtl/protocol_to_phy_tx.sv:23$2653'.
Found and cleaned up 128 empty switches in `\gray_pam4_rx.$proc$rtl/gray_pam4_rx.sv:0$2648'.
Removing empty process `gray_pam4_rx.$proc$rtl/gray_pam4_rx.sv:0$2648'.
Found and cleaned up 128 empty switches in `\gray_pam4_tx.$proc$rtl/gray_pam4_tx.sv:0$2646'.
Removing empty process `gray_pam4_tx.$proc$rtl/gray_pam4_tx.sv:0$2646'.
Found and cleaned up 1 empty switch in `\lane_scrambler.$proc$rtl/lane_scrambler.sv:52$2643'.
Removing empty process `lane_scrambler.$proc$rtl/lane_scrambler.sv:52$2643'.
Removing empty process `lane_scrambler.$proc$rtl/lane_scrambler.sv:0$310'.
Removing empty process `lane_destriper.$proc$rtl/lane_destriper.sv:0$45'.
Removing empty process `lane_striper.$proc$rtl/lane_striper.sv:0$43'.
Removing empty process `ltssm.$proc$rtl/ltssm.sv:0$17'.
Removing empty process `ltssm.$proc$rtl/ltssm.sv:143$15'.
Found and cleaned up 22 empty switches in `\ltssm.$proc$rtl/ltssm.sv:0$4'.
Removing empty process `ltssm.$proc$rtl/ltssm.sv:0$4'.
Cleaned up 285 empty switches.

12.2.12. Executing OPT_EXPR pass (perform const folding).
Optimizing module protocol_to_phy_top.
Optimizing module protocol_to_phy_rx.
<suppressed ~2 debug messages>
Optimizing module protocol_to_phy_tx.
<suppressed ~2 debug messages>
Optimizing module gray_pam4_rx.
<suppressed ~128 debug messages>
Optimizing module gray_pam4_tx.
<suppressed ~128 debug messages>
Optimizing module lane_scrambler.
<suppressed ~2 debug messages>
Optimizing module lane_destriper.
Optimizing module lane_striper.
Optimizing module ltssm.
<suppressed ~4 debug messages>

12.3. Executing OPT_EXPR pass (perform const folding).
Optimizing module protocol_to_phy_top.
Optimizing module protocol_to_phy_rx.
Optimizing module protocol_to_phy_tx.
Optimizing module gray_pam4_rx.
Optimizing module gray_pam4_tx.
Optimizing module lane_scrambler.
Optimizing module lane_destriper.
Optimizing module lane_striper.
Optimizing module ltssm.

12.4. Executing OPT_CLEAN pass (remove unused cells and wires).
Finding unused cells or wires in module \protocol_to_phy_top..
Finding unused cells or wires in module \protocol_to_phy_rx..
Finding unused cells or wires in module \protocol_to_phy_tx..
Finding unused cells or wires in module \gray_pam4_rx..
Finding unused cells or wires in module \gray_pam4_tx..
Finding unused cells or wires in module \lane_scrambler..
Finding unused cells or wires in module \lane_destriper..
Finding unused cells or wires in module \lane_striper..
Finding unused cells or wires in module \ltssm..
Removed 9 unused cells and 3035 unused wires.
<suppressed ~17 debug messages>

12.5. Executing CHECK pass (checking for obvious problems).
Checking module gray_pam4_rx...
Checking module gray_pam4_tx...
Checking module lane_destriper...
Checking module lane_scrambler...
Checking module lane_striper...
Checking module ltssm...
Checking module protocol_to_phy_rx...
Checking module protocol_to_phy_top...
Checking module protocol_to_phy_tx...
Found and reported 0 problems.

12.6. Executing OPT pass (performing simple optimizations).

12.6.1. Executing OPT_EXPR pass (perform const folding).
Optimizing module gray_pam4_rx.
Optimizing module gray_pam4_tx.
Optimizing module lane_destriper.
Optimizing module lane_scrambler.
Optimizing module lane_striper.
Optimizing module ltssm.
Optimizing module protocol_to_phy_rx.
Optimizing module protocol_to_phy_top.
Optimizing module protocol_to_phy_tx.

12.6.2. Executing OPT_MERGE pass (detect identical cells).
Finding identical cells in module `\gray_pam4_rx'.
Finding identical cells in module `\gray_pam4_tx'.
Finding identical cells in module `\lane_destriper'.
Finding identical cells in module `\lane_scrambler'.
Finding identical cells in module `\lane_striper'.
Finding identical cells in module `\ltssm'.
<suppressed ~186 debug messages>
Finding identical cells in module `\protocol_to_phy_rx'.
<suppressed ~3 debug messages>
Finding identical cells in module `\protocol_to_phy_top'.
Finding identical cells in module `\protocol_to_phy_tx'.
<suppressed ~3 debug messages>
Removed a total of 64 cells.

12.6.3. Executing OPT_MUXTREE pass (detect dead branches in mux trees).
Running muxtree optimizer on module \gray_pam4_rx..
  Creating internal representation of mux trees.
  Evaluating internal representation of mux trees.
  Analyzing evaluation results.
Running muxtree optimizer on module \gray_pam4_tx..
  Creating internal representation of mux trees.
  Evaluating internal representation of mux trees.
  Analyzing evaluation results.
Running muxtree optimizer on module \lane_destriper..
  Creating internal representation of mux trees.
  No muxes found in this module.
Running muxtree optimizer on module \lane_scrambler..
  Creating internal representation of mux trees.
  Evaluating internal representation of mux trees.
  Analyzing evaluation results.
Running muxtree optimizer on module \lane_striper..
  Creating internal representation of mux trees.
  No muxes found in this module.
Running muxtree optimizer on module \ltssm..
  Creating internal representation of mux trees.
  Evaluating internal representation of mux trees.
  Analyzing evaluation results.
    dead port 2/2 on $mux $procmux$4069.
    dead port 2/2 on $mux $procmux$4077.
    dead port 1/2 on $mux $procmux$4087.
    dead port 1/2 on $mux $procmux$4090.
    dead port 2/2 on $mux $procmux$4092.
    dead port 1/2 on $mux $procmux$4102.
    dead port 2/2 on $mux $procmux$4104.
    dead port 2/2 on $mux $procmux$4113.
    dead port 2/2 on $mux $procmux$4123.
    dead port 2/2 on $mux $procmux$4133.
    dead port 2/2 on $mux $procmux$4147.
    dead port 2/2 on $mux $procmux$4162.
    dead port 1/2 on $mux $procmux$4179.
    dead port 2/2 on $mux $procmux$4181.
    dead port 1/2 on $mux $procmux$4198.
    dead port 2/2 on $mux $procmux$4200.
    dead port 2/2 on $mux $procmux$4216.
    dead port 2/2 on $mux $procmux$4232.
    dead port 1/2 on $mux $procmux$4250.
    dead port 1/2 on $mux $procmux$4253.
    dead port 2/2 on $mux $procmux$4255.
    dead port 1/2 on $mux $procmux$4273.
    dead port 1/2 on $mux $procmux$4276.
    dead port 2/2 on $mux $procmux$4278.
    dead port 1/2 on $mux $procmux$4296.
    dead port 2/2 on $mux $procmux$4298.
    dead port 1/2 on $mux $procmux$4316.
    dead port 2/2 on $mux $procmux$4318.
    dead port 2/2 on $mux $procmux$4335.
    dead port 2/2 on $mux $procmux$4352.
    dead port 1/2 on $mux $procmux$4371.
    dead port 1/2 on $mux $procmux$4374.
    dead port 2/2 on $mux $procmux$4376.
    dead port 1/2 on $mux $procmux$4395.
    dead port 1/2 on $mux $procmux$4398.
    dead port 2/2 on $mux $procmux$4400.
    dead port 1/2 on $mux $procmux$4419.
    dead port 2/2 on $mux $procmux$4421.
    dead port 1/2 on $mux $procmux$4440.
    dead port 2/2 on $mux $procmux$4442.
    dead port 2/2 on $mux $procmux$3994.
    dead port 2/2 on $mux $procmux$4460.
    dead port 2/2 on $mux $procmux$4478.
    dead port 2/2 on $mux $procmux$4497.
    dead port 1/2 on $mux $procmux$4002.
    dead port 2/2 on $mux $procmux$4004.
    dead port 2/2 on $mux $procmux$4011.
    dead port 1/2 on $mux $procmux$4020.
    dead port 1/2 on $mux $procmux$4023.
    dead port 2/2 on $mux $procmux$4025.
    dead port 1/2 on $mux $procmux$4034.
    dead port 1/2 on $mux $procmux$4037.
    dead port 2/2 on $mux $procmux$4039.
    dead port 1/2 on $mux $procmux$4048.
    dead port 2/2 on $mux $procmux$4050.
    dead port 1/2 on $mux $procmux$4059.
    dead port 2/2 on $mux $procmux$4061.
Running muxtree optimizer on module \protocol_to_phy_rx..
  Creating internal representation of mux trees.
  Evaluating internal representation of mux trees.
  Analyzing evaluation results.
Running muxtree optimizer on module \protocol_to_phy_top..
  Creating internal representation of mux trees.
  No muxes found in this module.
Running muxtree optimizer on module \protocol_to_phy_tx..
  Creating internal representation of mux trees.
  Evaluating internal representation of mux trees.
      Replacing known input bits on port A of cell $procmux$2681: \valid_q -> 1'0
  Analyzing evaluation results.
Removed 57 multiplexer ports.
<suppressed ~266 debug messages>

12.6.4. Executing OPT_REDUCE pass (consolidate $*mux and $reduce_* inputs).
  Optimizing cells in module \gray_pam4_rx.
  Optimizing cells in module \gray_pam4_tx.
  Optimizing cells in module \lane_destriper.
  Optimizing cells in module \lane_scrambler.
  Optimizing cells in module \lane_striper.
  Optimizing cells in module \ltssm.
    New ctrl vector for $pmux cell $procmux$4518: { $eq$rtl/ltssm.sv:159$24_Y $eq$rtl/ltssm.sv:160$25_Y $eq$rtl/ltssm.sv:161$27_Y $auto$opt_reduce.cc:134:opt_pmux$4543 $eq$rtl/ltssm.sv:167$39_Y $eq$rtl/ltssm.sv:158$22_Y }
  Optimizing cells in module \ltssm.
  Optimizing cells in module \protocol_to_phy_rx.
  Optimizing cells in module \protocol_to_phy_top.
  Optimizing cells in module \protocol_to_phy_tx.
  Optimizing cells in module \protocol_to_phy_tx.
Performed a total of 2 changes.

12.6.5. Executing OPT_MERGE pass (detect identical cells).
Finding identical cells in module `\gray_pam4_rx'.
Finding identical cells in module `\gray_pam4_tx'.
Finding identical cells in module `\lane_destriper'.
Finding identical cells in module `\lane_scrambler'.
Finding identical cells in module `\lane_striper'.
Finding identical cells in module `\ltssm'.
<suppressed ~15 debug messages>
Finding identical cells in module `\protocol_to_phy_rx'.
Finding identical cells in module `\protocol_to_phy_top'.
Finding identical cells in module `\protocol_to_phy_tx'.
Removed a total of 5 cells.

12.6.6. Executing OPT_DFF pass (perform DFF optimizations).

12.6.7. Executing OPT_CLEAN pass (remove unused cells and wires).
Finding unused cells or wires in module \gray_pam4_rx..
Finding unused cells or wires in module \gray_pam4_tx..
Finding unused cells or wires in module \lane_destriper..
Finding unused cells or wires in module \lane_scrambler..
Finding unused cells or wires in module \lane_striper..
Finding unused cells or wires in module \ltssm..
Finding unused cells or wires in module \protocol_to_phy_rx..
Finding unused cells or wires in module \protocol_to_phy_top..
Finding unused cells or wires in module \protocol_to_phy_tx..
Removed 0 unused cells and 126 unused wires.
<suppressed ~3 debug messages>

12.6.8. Executing OPT_EXPR pass (perform const folding).
Optimizing module gray_pam4_rx.
Optimizing module gray_pam4_tx.
Optimizing module lane_destriper.
Optimizing module lane_scrambler.
Optimizing module lane_striper.
Optimizing module ltssm.
Optimizing module protocol_to_phy_rx.
Optimizing module protocol_to_phy_top.
Optimizing module protocol_to_phy_tx.

12.6.9. Rerunning OPT passes. (Maybe there is more to do..)

12.6.10. Executing OPT_MUXTREE pass (detect dead branches in mux trees).
Running muxtree optimizer on module \gray_pam4_rx..
  Creating internal representation of mux trees.
  Evaluating internal representation of mux trees.
  Analyzing evaluation results.
Running muxtree optimizer on module \gray_pam4_tx..
  Creating internal representation of mux trees.
  Evaluating internal representation of mux trees.
  Analyzing evaluation results.
Running muxtree optimizer on module \lane_destriper..
  Creating internal representation of mux trees.
  No muxes found in this module.
Running muxtree optimizer on module \lane_scrambler..
  Creating internal representation of mux trees.
  Evaluating internal representation of mux trees.
  Analyzing evaluation results.
Running muxtree optimizer on module \lane_striper..
  Creating internal representation of mux trees.
  No muxes found in this module.
Running muxtree optimizer on module \ltssm..
  Creating internal representation of mux trees.
  Evaluating internal representation of mux trees.
  Analyzing evaluation results.
Running muxtree optimizer on module \protocol_to_phy_rx..
  Creating internal representation of mux trees.
  Evaluating internal representation of mux trees.
  Analyzing evaluation results.
Running muxtree optimizer on module \protocol_to_phy_top..
  Creating internal representation of mux trees.
  No muxes found in this module.
Running muxtree optimizer on module \protocol_to_phy_tx..
  Creating internal representation of mux trees.
  Evaluating internal representation of mux trees.
  Analyzing evaluation results.
Removed 0 multiplexer ports.
<suppressed ~268 debug messages>

12.6.11. Executing OPT_REDUCE pass (consolidate $*mux and $reduce_* inputs).
  Optimizing cells in module \gray_pam4_rx.
  Optimizing cells in module \gray_pam4_tx.
  Optimizing cells in module \lane_destriper.
  Optimizing cells in module \lane_scrambler.
  Optimizing cells in module \lane_striper.
  Optimizing cells in module \ltssm.
    New ctrl vector for $pmux cell $procmux$4518: { $eq$rtl/ltssm.sv:159$24_Y $eq$rtl/ltssm.sv:161$27_Y $auto$opt_reduce.cc:134:opt_pmux$4543 $eq$rtl/ltssm.sv:167$39_Y $auto$opt_reduce.cc:134:opt_pmux$4545 }
  Optimizing cells in module \ltssm.
  Optimizing cells in module \protocol_to_phy_rx.
  Optimizing cells in module \protocol_to_phy_top.
  Optimizing cells in module \protocol_to_phy_tx.
Performed a total of 1 changes.

12.6.12. Executing OPT_MERGE pass (detect identical cells).
Finding identical cells in module `\gray_pam4_rx'.
Finding identical cells in module `\gray_pam4_tx'.
Finding identical cells in module `\lane_destriper'.
Finding identical cells in module `\lane_scrambler'.
Finding identical cells in module `\lane_striper'.
Finding identical cells in module `\ltssm'.
Finding identical cells in module `\protocol_to_phy_rx'.
Finding identical cells in module `\protocol_to_phy_top'.
Finding identical cells in module `\protocol_to_phy_tx'.
Removed a total of 0 cells.

12.6.13. Executing OPT_DFF pass (perform DFF optimizations).

12.6.14. Executing OPT_CLEAN pass (remove unused cells and wires).
Finding unused cells or wires in module \gray_pam4_rx..
Finding unused cells or wires in module \gray_pam4_tx..
Finding unused cells or wires in module \lane_destriper..
Finding unused cells or wires in module \lane_scrambler..
Finding unused cells or wires in module \lane_striper..
Finding unused cells or wires in module \ltssm..
Finding unused cells or wires in module \protocol_to_phy_rx..
Finding unused cells or wires in module \protocol_to_phy_top..
Finding unused cells or wires in module \protocol_to_phy_tx..

12.6.15. Executing OPT_EXPR pass (perform const folding).
Optimizing module gray_pam4_rx.
Optimizing module gray_pam4_tx.
Optimizing module lane_destriper.
Optimizing module lane_scrambler.
Optimizing module lane_striper.
Optimizing module ltssm.
Optimizing module protocol_to_phy_rx.
Optimizing module protocol_to_phy_top.
Optimizing module protocol_to_phy_tx.

12.6.16. Rerunning OPT passes. (Maybe there is more to do..)

12.6.17. Executing OPT_MUXTREE pass (detect dead branches in mux trees).
Running muxtree optimizer on module \gray_pam4_rx..
  Creating internal representation of mux trees.
  Evaluating internal representation of mux trees.
  Analyzing evaluation results.
Running muxtree optimizer on module \gray_pam4_tx..
  Creating internal representation of mux trees.
  Evaluating internal representation of mux trees.
  Analyzing evaluation results.
Running muxtree optimizer on module \lane_destriper..
  Creating internal representation of mux trees.
  No muxes found in this module.
Running muxtree optimizer on module \lane_scrambler..
  Creating internal representation of mux trees.
  Evaluating internal representation of mux trees.
  Analyzing evaluation results.
Running muxtree optimizer on module \lane_striper..
  Creating internal representation of mux trees.
  No muxes found in this module.
Running muxtree optimizer on module \ltssm..
  Creating internal representation of mux trees.
  Evaluating internal representation of mux trees.
  Analyzing evaluation results.
Running muxtree optimizer on module \protocol_to_phy_rx..
  Creating internal representation of mux trees.
  Evaluating internal representation of mux trees.
  Analyzing evaluation results.
Running muxtree optimizer on module \protocol_to_phy_top..
  Creating internal representation of mux trees.
  No muxes found in this module.
Running muxtree optimizer on module \protocol_to_phy_tx..
  Creating internal representation of mux trees.
  Evaluating internal representation of mux trees.
  Analyzing evaluation results.
Removed 0 multiplexer ports.
<suppressed ~268 debug messages>

12.6.18. Executing OPT_REDUCE pass (consolidate $*mux and $reduce_* inputs).
  Optimizing cells in module \gray_pam4_rx.
  Optimizing cells in module \gray_pam4_tx.
  Optimizing cells in module \lane_destriper.
  Optimizing cells in module \lane_scrambler.
  Optimizing cells in module \lane_striper.
  Optimizing cells in module \ltssm.
  Optimizing cells in module \protocol_to_phy_rx.
  Optimizing cells in module \protocol_to_phy_top.
  Optimizing cells in module \protocol_to_phy_tx.
Performed a total of 0 changes.

12.6.19. Executing OPT_MERGE pass (detect identical cells).
Finding identical cells in module `\gray_pam4_rx'.
Finding identical cells in module `\gray_pam4_tx'.
Finding identical cells in module `\lane_destriper'.
Finding identical cells in module `\lane_scrambler'.
Finding identical cells in module `\lane_striper'.
Finding identical cells in module `\ltssm'.
Finding identical cells in module `\protocol_to_phy_rx'.
Finding identical cells in module `\protocol_to_phy_top'.
Finding identical cells in module `\protocol_to_phy_tx'.
Removed a total of 0 cells.

12.6.20. Executing OPT_DFF pass (perform DFF optimizations).

12.6.21. Executing OPT_CLEAN pass (remove unused cells and wires).
Finding unused cells or wires in module \gray_pam4_rx..
Finding unused cells or wires in module \gray_pam4_tx..
Finding unused cells or wires in module \lane_destriper..
Finding unused cells or wires in module \lane_scrambler..
Finding unused cells or wires in module \lane_striper..
Finding unused cells or wires in module \ltssm..
Finding unused cells or wires in module \protocol_to_phy_rx..
Finding unused cells or wires in module \protocol_to_phy_top..
Finding unused cells or wires in module \protocol_to_phy_tx..

12.6.22. Executing OPT_EXPR pass (perform const folding).
Optimizing module gray_pam4_rx.
Optimizing module gray_pam4_tx.
Optimizing module lane_destriper.
Optimizing module lane_scrambler.
Optimizing module lane_striper.
Optimizing module ltssm.
Optimizing module protocol_to_phy_rx.
Optimizing module protocol_to_phy_top.
Optimizing module protocol_to_phy_tx.

12.6.23. Finished OPT passes. (There is nothing left to do.)

12.7. Executing FSM pass (extract and optimize FSM).

12.7.1. Executing FSM_DETECT pass (finding FSMs in design).
Not marking ltssm.state_q as FSM state register:
    Register is connected to module port.
    Users of register don't seem to benefit from recoding.
    Circuit seems to be self-resetting.

12.7.2. Executing FSM_EXTRACT pass (extracting FSM from design).

12.7.3. Executing FSM_OPT pass (simple optimizations of FSMs).

12.7.4. Executing OPT_CLEAN pass (remove unused cells and wires).
Finding unused cells or wires in module \gray_pam4_rx..
Finding unused cells or wires in module \gray_pam4_tx..
Finding unused cells or wires in module \lane_destriper..
Finding unused cells or wires in module \lane_scrambler..
Finding unused cells or wires in module \lane_striper..
Finding unused cells or wires in module \ltssm..
Finding unused cells or wires in module \protocol_to_phy_rx..
Finding unused cells or wires in module \protocol_to_phy_top..
Finding unused cells or wires in module \protocol_to_phy_tx..

12.7.5. Executing FSM_OPT pass (simple optimizations of FSMs).

12.7.6. Executing FSM_RECODE pass (re-assigning FSM state encoding).

12.7.7. Executing FSM_INFO pass (dumping all available information on FSM cells).

12.7.8. Executing FSM_MAP pass (mapping FSMs to basic logic).

12.8. Executing OPT pass (performing simple optimizations).

12.8.1. Executing OPT_EXPR pass (perform const folding).
Optimizing module gray_pam4_rx.
Optimizing module gray_pam4_tx.
Optimizing module lane_destriper.
Optimizing module lane_scrambler.
Optimizing module lane_striper.
Optimizing module ltssm.
Optimizing module protocol_to_phy_rx.
Optimizing module protocol_to_phy_top.
Optimizing module protocol_to_phy_tx.

12.8.2. Executing OPT_MERGE pass (detect identical cells).
Finding identical cells in module `\gray_pam4_rx'.
Finding identical cells in module `\gray_pam4_tx'.
Finding identical cells in module `\lane_destriper'.
Finding identical cells in module `\lane_scrambler'.
Finding identical cells in module `\lane_striper'.
Finding identical cells in module `\ltssm'.
Finding identical cells in module `\protocol_to_phy_rx'.
Finding identical cells in module `\protocol_to_phy_top'.
Finding identical cells in module `\protocol_to_phy_tx'.
Removed a total of 0 cells.

12.8.3. Executing OPT_MUXTREE pass (detect dead branches in mux trees).
Running muxtree optimizer on module \gray_pam4_rx..
  Creating internal representation of mux trees.
  Evaluating internal representation of mux trees.
  Analyzing evaluation results.
Running muxtree optimizer on module \gray_pam4_tx..
  Creating internal representation of mux trees.
  Evaluating internal representation of mux trees.
  Analyzing evaluation results.
Running muxtree optimizer on module \lane_destriper..
  Creating internal representation of mux trees.
  No muxes found in this module.
Running muxtree optimizer on module \lane_scrambler..
  Creating internal representation of mux trees.
  Evaluating internal representation of mux trees.
  Analyzing evaluation results.
Running muxtree optimizer on module \lane_striper..
  Creating internal representation of mux trees.
  No muxes found in this module.
Running muxtree optimizer on module \ltssm..
  Creating internal representation of mux trees.
  Evaluating internal representation of mux trees.
  Analyzing evaluation results.
Running muxtree optimizer on module \protocol_to_phy_rx..
  Creating internal representation of mux trees.
  Evaluating internal representation of mux trees.
  Analyzing evaluation results.
Running muxtree optimizer on module \protocol_to_phy_top..
  Creating internal representation of mux trees.
  No muxes found in this module.
Running muxtree optimizer on module \protocol_to_phy_tx..
  Creating internal representation of mux trees.
  Evaluating internal representation of mux trees.
  Analyzing evaluation results.
Removed 0 multiplexer ports.
<suppressed ~268 debug messages>

12.8.4. Executing OPT_REDUCE pass (consolidate $*mux and $reduce_* inputs).
  Optimizing cells in module \gray_pam4_rx.
  Optimizing cells in module \gray_pam4_tx.
  Optimizing cells in module \lane_destriper.
  Optimizing cells in module \lane_scrambler.
  Optimizing cells in module \lane_striper.
  Optimizing cells in module \ltssm.
  Optimizing cells in module \protocol_to_phy_rx.
  Optimizing cells in module \protocol_to_phy_top.
  Optimizing cells in module \protocol_to_phy_tx.
Performed a total of 0 changes.

12.8.5. Executing OPT_MERGE pass (detect identical cells).
Finding identical cells in module `\gray_pam4_rx'.
Finding identical cells in module `\gray_pam4_tx'.
Finding identical cells in module `\lane_destriper'.
Finding identical cells in module `\lane_scrambler'.
Finding identical cells in module `\lane_striper'.
Finding identical cells in module `\ltssm'.
Finding identical cells in module `\protocol_to_phy_rx'.
Finding identical cells in module `\protocol_to_phy_top'.
Finding identical cells in module `\protocol_to_phy_tx'.
Removed a total of 0 cells.

12.8.6. Executing OPT_DFF pass (perform DFF optimizations).
Adding EN signal on $procdff$4539 ($adff) from module lane_scrambler (D = \lfsr_d[3], Q = \lfsr_q[3]).
Adding EN signal on $procdff$4538 ($adff) from module lane_scrambler (D = \lfsr_d[2], Q = \lfsr_q[2]).
Adding EN signal on $procdff$4537 ($adff) from module lane_scrambler (D = \lfsr_d[1], Q = \lfsr_q[1]).
Adding EN signal on $procdff$4536 ($adff) from module lane_scrambler (D = \lfsr_d[0], Q = \lfsr_q[0]).
Adding EN signal on $procdff$4541 ($adff) from module ltssm (D = \timer_d, Q = \timer_q).
Adding EN signal on $procdff$4530 ($adff) from module protocol_to_phy_rx (D = $0\valid_q[0:0], Q = \valid_q).
Adding EN signal on $procdff$4529 ($adff) from module protocol_to_phy_rx (D = \destriped, Q = \data_q).
Adding EN signal on $procdff$4531 ($adff) from module protocol_to_phy_tx (D = \mapped, Q = \data_q).

12.8.7. Executing OPT_CLEAN pass (remove unused cells and wires).
Finding unused cells or wires in module \gray_pam4_rx..
Finding unused cells or wires in module \gray_pam4_tx..
Finding unused cells or wires in module \lane_destriper..
Finding unused cells or wires in module \lane_scrambler..
Finding unused cells or wires in module \lane_striper..
Finding unused cells or wires in module \ltssm..
Finding unused cells or wires in module \protocol_to_phy_rx..
Finding unused cells or wires in module \protocol_to_phy_top..
Finding unused cells or wires in module \protocol_to_phy_tx..
Removed 8 unused cells and 8 unused wires.
<suppressed ~11 debug messages>

12.8.8. Executing OPT_EXPR pass (perform const folding).
Optimizing module gray_pam4_rx.
Optimizing module gray_pam4_tx.
Optimizing module lane_destriper.
Optimizing module lane_scrambler.
Optimizing module lane_striper.
Optimizing module ltssm.
<suppressed ~1 debug messages>
Optimizing module protocol_to_phy_rx.
Optimizing module protocol_to_phy_top.
Optimizing module protocol_to_phy_tx.

12.8.9. Rerunning OPT passes. (Maybe there is more to do..)

12.8.10. Executing OPT_MUXTREE pass (detect dead branches in mux trees).
Running muxtree optimizer on module \gray_pam4_rx..
  Creating internal representation of mux trees.
  Evaluating internal representation of mux trees.
  Analyzing evaluation results.
Running muxtree optimizer on module \gray_pam4_tx..
  Creating internal representation of mux trees.
  Evaluating internal representation of mux trees.
  Analyzing evaluation results.
Running muxtree optimizer on module \lane_destriper..
  Creating internal representation of mux trees.
  No muxes found in this module.
Running muxtree optimizer on module \lane_scrambler..
  Creating internal representation of mux trees.
  No muxes found in this module.
Running muxtree optimizer on module \lane_striper..
  Creating internal representation of mux trees.
  No muxes found in this module.
Running muxtree optimizer on module \ltssm..
  Creating internal representation of mux trees.
  Evaluating internal representation of mux trees.
  Analyzing evaluation results.
Running muxtree optimizer on module \protocol_to_phy_rx..
  Creating internal representation of mux trees.
  Evaluating internal representation of mux trees.
  Analyzing evaluation results.
Running muxtree optimizer on module \protocol_to_phy_top..
  Creating internal representation of mux trees.
  No muxes found in this module.
Running muxtree optimizer on module \protocol_to_phy_tx..
  Creating internal representation of mux trees.
  Evaluating internal representation of mux trees.
  Analyzing evaluation results.
Removed 0 multiplexer ports.
<suppressed ~262 debug messages>

12.8.11. Executing OPT_REDUCE pass (consolidate $*mux and $reduce_* inputs).
  Optimizing cells in module \gray_pam4_rx.
  Optimizing cells in module \gray_pam4_tx.
  Optimizing cells in module \lane_destriper.
  Optimizing cells in module \lane_scrambler.
  Optimizing cells in module \lane_striper.
  Optimizing cells in module \ltssm.
  Optimizing cells in module \protocol_to_phy_rx.
  Optimizing cells in module \protocol_to_phy_top.
  Optimizing cells in module \protocol_to_phy_tx.
Performed a total of 0 changes.

12.8.12. Executing OPT_MERGE pass (detect identical cells).
Finding identical cells in module `\gray_pam4_rx'.
Finding identical cells in module `\gray_pam4_tx'.
Finding identical cells in module `\lane_destriper'.
Finding identical cells in module `\lane_scrambler'.
Finding identical cells in module `\lane_striper'.
Finding identical cells in module `\ltssm'.
Finding identical cells in module `\protocol_to_phy_rx'.
Finding identical cells in module `\protocol_to_phy_top'.
Finding identical cells in module `\protocol_to_phy_tx'.
Removed a total of 0 cells.

12.8.13. Executing OPT_DFF pass (perform DFF optimizations).

12.8.14. Executing OPT_CLEAN pass (remove unused cells and wires).
Finding unused cells or wires in module \gray_pam4_rx..
Finding unused cells or wires in module \gray_pam4_tx..
Finding unused cells or wires in module \lane_destriper..
Finding unused cells or wires in module \lane_scrambler..
Finding unused cells or wires in module \lane_striper..
Finding unused cells or wires in module \ltssm..
Finding unused cells or wires in module \protocol_to_phy_rx..
Finding unused cells or wires in module \protocol_to_phy_top..
Finding unused cells or wires in module \protocol_to_phy_tx..

12.8.15. Executing OPT_EXPR pass (perform const folding).
Optimizing module gray_pam4_rx.
Optimizing module gray_pam4_tx.
Optimizing module lane_destriper.
Optimizing module lane_scrambler.
Optimizing module lane_striper.
Optimizing module ltssm.
Optimizing module protocol_to_phy_rx.
Optimizing module protocol_to_phy_top.
Optimizing module protocol_to_phy_tx.

12.8.16. Finished OPT passes. (There is nothing left to do.)

12.9. Executing WREDUCE pass (reducing word size of cells).
Removed top 1 bits (of 2) from port B of cell gray_pam4_rx.$procmux$2698_CMP0 ($eq).
Removed top 1 bits (of 2) from port B of cell gray_pam4_rx.$procmux$2703_CMP0 ($eq).
Removed top 1 bits (of 2) from port B of cell gray_pam4_rx.$procmux$2708_CMP0 ($eq).
Removed top 1 bits (of 2) from port B of cell gray_pam4_rx.$procmux$2713_CMP0 ($eq).
Removed top 1 bits (of 2) from port B of cell gray_pam4_rx.$procmux$2718_CMP0 ($eq).
Removed top 1 bits (of 2) from port B of cell gray_pam4_rx.$procmux$2723_CMP0 ($eq).
Removed top 1 bits (of 2) from port B of cell gray_pam4_rx.$procmux$2728_CMP0 ($eq).
Removed top 1 bits (of 2) from port B of cell gray_pam4_rx.$procmux$2733_CMP0 ($eq).
Removed top 1 bits (of 2) from port B of cell gray_pam4_rx.$procmux$2738_CMP0 ($eq).
Removed top 1 bits (of 2) from port B of cell gray_pam4_rx.$procmux$2743_CMP0 ($eq).
Removed top 1 bits (of 2) from port B of cell gray_pam4_rx.$procmux$2748_CMP0 ($eq).
Removed top 1 bits (of 2) from port B of cell gray_pam4_rx.$procmux$2753_CMP0 ($eq).
Removed top 1 bits (of 2) from port B of cell gray_pam4_rx.$procmux$2758_CMP0 ($eq).
Removed top 1 bits (of 2) from port B of cell gray_pam4_rx.$procmux$2763_CMP0 ($eq).
Removed top 1 bits (of 2) from port B of cell gray_pam4_rx.$procmux$2768_CMP0 ($eq).
Removed top 1 bits (of 2) from port B of cell gray_pam4_rx.$procmux$2773_CMP0 ($eq).
Removed top 1 bits (of 2) from port B of cell gray_pam4_rx.$procmux$2778_CMP0 ($eq).
Removed top 1 bits (of 2) from port B of cell gray_pam4_rx.$procmux$2783_CMP0 ($eq).
Removed top 1 bits (of 2) from port B of cell gray_pam4_rx.$procmux$2788_CMP0 ($eq).
Removed top 1 bits (of 2) from port B of cell gray_pam4_rx.$procmux$2793_CMP0 ($eq).
Removed top 1 bits (of 2) from port B of cell gray_pam4_rx.$procmux$2798_CMP0 ($eq).
Removed top 1 bits (of 2) from port B of cell gray_pam4_rx.$procmux$2803_CMP0 ($eq).
Removed top 1 bits (of 2) from port B of cell gray_pam4_rx.$procmux$2808_CMP0 ($eq).
Removed top 1 bits (of 2) from port B of cell gray_pam4_rx.$procmux$2813_CMP0 ($eq).
Removed top 1 bits (of 2) from port B of cell gray_pam4_rx.$procmux$2818_CMP0 ($eq).
Removed top 1 bits (of 2) from port B of cell gray_pam4_rx.$procmux$2823_CMP0 ($eq).
Removed top 1 bits (of 2) from port B of cell gray_pam4_rx.$procmux$2828_CMP0 ($eq).
Removed top 1 bits (of 2) from port B of cell gray_pam4_rx.$procmux$2833_CMP0 ($eq).
Removed top 1 bits (of 2) from port B of cell gray_pam4_rx.$procmux$2838_CMP0 ($eq).
Removed top 1 bits (of 2) from port B of cell gray_pam4_rx.$procmux$2843_CMP0 ($eq).
Removed top 1 bits (of 2) from port B of cell gray_pam4_rx.$procmux$2848_CMP0 ($eq).
Removed top 1 bits (of 2) from port B of cell gray_pam4_rx.$procmux$2853_CMP0 ($eq).
Removed top 1 bits (of 2) from port B of cell gray_pam4_rx.$procmux$2858_CMP0 ($eq).
Removed top 1 bits (of 2) from port B of cell gray_pam4_rx.$procmux$2863_CMP0 ($eq).
Removed top 1 bits (of 2) from port B of cell gray_pam4_rx.$procmux$2868_CMP0 ($eq).
Removed top 1 bits (of 2) from port B of cell gray_pam4_rx.$procmux$2873_CMP0 ($eq).
Removed top 1 bits (of 2) from port B of cell gray_pam4_rx.$procmux$2878_CMP0 ($eq).
Removed top 1 bits (of 2) from port B of cell gray_pam4_rx.$procmux$2883_CMP0 ($eq).
Removed top 1 bits (of 2) from port B of cell gray_pam4_rx.$procmux$2888_CMP0 ($eq).
Removed top 1 bits (of 2) from port B of cell gray_pam4_rx.$procmux$2893_CMP0 ($eq).
Removed top 1 bits (of 2) from port B of cell gray_pam4_rx.$procmux$2898_CMP0 ($eq).
Removed top 1 bits (of 2) from port B of cell gray_pam4_rx.$procmux$2903_CMP0 ($eq).
Removed top 1 bits (of 2) from port B of cell gray_pam4_rx.$procmux$2908_CMP0 ($eq).
Removed top 1 bits (of 2) from port B of cell gray_pam4_rx.$procmux$2913_CMP0 ($eq).
Removed top 1 bits (of 2) from port B of cell gray_pam4_rx.$procmux$2918_CMP0 ($eq).
Removed top 1 bits (of 2) from port B of cell gray_pam4_rx.$procmux$2923_CMP0 ($eq).
Removed top 1 bits (of 2) from port B of cell gray_pam4_rx.$procmux$2928_CMP0 ($eq).
Removed top 1 bits (of 2) from port B of cell gray_pam4_rx.$procmux$2933_CMP0 ($eq).
Removed top 1 bits (of 2) from port B of cell gray_pam4_rx.$procmux$2938_CMP0 ($eq).
Removed top 1 bits (of 2) from port B of cell gray_pam4_rx.$procmux$2943_CMP0 ($eq).
Removed top 1 bits (of 2) from port B of cell gray_pam4_rx.$procmux$2948_CMP0 ($eq).
Removed top 1 bits (of 2) from port B of cell gray_pam4_rx.$procmux$2953_CMP0 ($eq).
Removed top 1 bits (of 2) from port B of cell gray_pam4_rx.$procmux$2958_CMP0 ($eq).
Removed top 1 bits (of 2) from port B of cell gray_pam4_rx.$procmux$2963_CMP0 ($eq).
Removed top 1 bits (of 2) from port B of cell gray_pam4_rx.$procmux$2968_CMP0 ($eq).
Removed top 1 bits (of 2) from port B of cell gray_pam4_rx.$procmux$2973_CMP0 ($eq).
Removed top 1 bits (of 2) from port B of cell gray_pam4_rx.$procmux$2978_CMP0 ($eq).
Removed top 1 bits (of 2) from port B of cell gray_pam4_rx.$procmux$2983_CMP0 ($eq).
Removed top 1 bits (of 2) from port B of cell gray_pam4_rx.$procmux$2988_CMP0 ($eq).
Removed top 1 bits (of 2) from port B of cell gray_pam4_rx.$procmux$2993_CMP0 ($eq).
Removed top 1 bits (of 2) from port B of cell gray_pam4_rx.$procmux$2998_CMP0 ($eq).
Removed top 1 bits (of 2) from port B of cell gray_pam4_rx.$procmux$3003_CMP0 ($eq).
Removed top 1 bits (of 2) from port B of cell gray_pam4_rx.$procmux$3008_CMP0 ($eq).
Removed top 1 bits (of 2) from port B of cell gray_pam4_rx.$procmux$3013_CMP0 ($eq).
Removed top 1 bits (of 2) from port B of cell gray_pam4_rx.$procmux$3018_CMP0 ($eq).
Removed top 1 bits (of 2) from port B of cell gray_pam4_rx.$procmux$3023_CMP0 ($eq).
Removed top 1 bits (of 2) from port B of cell gray_pam4_rx.$procmux$3028_CMP0 ($eq).
Removed top 1 bits (of 2) from port B of cell gray_pam4_rx.$procmux$3033_CMP0 ($eq).
Removed top 1 bits (of 2) from port B of cell gray_pam4_rx.$procmux$3038_CMP0 ($eq).
Removed top 1 bits (of 2) from port B of cell gray_pam4_rx.$procmux$3043_CMP0 ($eq).
Removed top 1 bits (of 2) from port B of cell gray_pam4_rx.$procmux$3048_CMP0 ($eq).
Removed top 1 bits (of 2) from port B of cell gray_pam4_rx.$procmux$3053_CMP0 ($eq).
Removed top 1 bits (of 2) from port B of cell gray_pam4_rx.$procmux$3058_CMP0 ($eq).
Removed top 1 bits (of 2) from port B of cell gray_pam4_rx.$procmux$3063_CMP0 ($eq).
Removed top 1 bits (of 2) from port B of cell gray_pam4_rx.$procmux$3068_CMP0 ($eq).
Removed top 1 bits (of 2) from port B of cell gray_pam4_rx.$procmux$3073_CMP0 ($eq).
Removed top 1 bits (of 2) from port B of cell gray_pam4_rx.$procmux$3078_CMP0 ($eq).
Removed top 1 bits (of 2) from port B of cell gray_pam4_rx.$procmux$3083_CMP0 ($eq).
Removed top 1 bits (of 2) from port B of cell gray_pam4_rx.$procmux$3088_CMP0 ($eq).
Removed top 1 bits (of 2) from port B of cell gray_pam4_rx.$procmux$3093_CMP0 ($eq).
Removed top 1 bits (of 2) from port B of cell gray_pam4_rx.$procmux$3098_CMP0 ($eq).
Removed top 1 bits (of 2) from port B of cell gray_pam4_rx.$procmux$3103_CMP0 ($eq).
Removed top 1 bits (of 2) from port B of cell gray_pam4_rx.$procmux$3108_CMP0 ($eq).
Removed top 1 bits (of 2) from port B of cell gray_pam4_rx.$procmux$3113_CMP0 ($eq).
Removed top 1 bits (of 2) from port B of cell gray_pam4_rx.$procmux$3118_CMP0 ($eq).
Removed top 1 bits (of 2) from port B of cell gray_pam4_rx.$procmux$3123_CMP0 ($eq).
Removed top 1 bits (of 2) from port B of cell gray_pam4_rx.$procmux$3128_CMP0 ($eq).
Removed top 1 bits (of 2) from port B of cell gray_pam4_rx.$procmux$3133_CMP0 ($eq).
Removed top 1 bits (of 2) from port B of cell gray_pam4_rx.$procmux$3138_CMP0 ($eq).
Removed top 1 bits (of 2) from port B of cell gray_pam4_rx.$procmux$3143_CMP0 ($eq).
Removed top 1 bits (of 2) from port B of cell gray_pam4_rx.$procmux$3148_CMP0 ($eq).
Removed top 1 bits (of 2) from port B of cell gray_pam4_rx.$procmux$3153_CMP0 ($eq).
Removed top 1 bits (of 2) from port B of cell gray_pam4_rx.$procmux$3158_CMP0 ($eq).
Removed top 1 bits (of 2) from port B of cell gray_pam4_rx.$procmux$3163_CMP0 ($eq).
Removed top 1 bits (of 2) from port B of cell gray_pam4_rx.$procmux$3168_CMP0 ($eq).
Removed top 1 bits (of 2) from port B of cell gray_pam4_rx.$procmux$3173_CMP0 ($eq).
Removed top 1 bits (of 2) from port B of cell gray_pam4_rx.$procmux$3178_CMP0 ($eq).
Removed top 1 bits (of 2) from port B of cell gray_pam4_rx.$procmux$3183_CMP0 ($eq).
Removed top 1 bits (of 2) from port B of cell gray_pam4_rx.$procmux$3188_CMP0 ($eq).
Removed top 1 bits (of 2) from port B of cell gray_pam4_rx.$procmux$3193_CMP0 ($eq).
Removed top 1 bits (of 2) from port B of cell gray_pam4_rx.$procmux$3198_CMP0 ($eq).
Removed top 1 bits (of 2) from port B of cell gray_pam4_rx.$procmux$3203_CMP0 ($eq).
Removed top 1 bits (of 2) from port B of cell gray_pam4_rx.$procmux$3208_CMP0 ($eq).
Removed top 1 bits (of 2) from port B of cell gray_pam4_rx.$procmux$3213_CMP0 ($eq).
Removed top 1 bits (of 2) from port B of cell gray_pam4_rx.$procmux$3218_CMP0 ($eq).
Removed top 1 bits (of 2) from port B of cell gray_pam4_rx.$procmux$3223_CMP0 ($eq).
Removed top 1 bits (of 2) from port B of cell gray_pam4_rx.$procmux$3228_CMP0 ($eq).
Removed top 1 bits (of 2) from port B of cell gray_pam4_rx.$procmux$3233_CMP0 ($eq).
Removed top 1 bits (of 2) from port B of cell gray_pam4_rx.$procmux$3238_CMP0 ($eq).
Removed top 1 bits (of 2) from port B of cell gray_pam4_rx.$procmux$3243_CMP0 ($eq).
Removed top 1 bits (of 2) from port B of cell gray_pam4_rx.$procmux$3248_CMP0 ($eq).
Removed top 1 bits (of 2) from port B of cell gray_pam4_rx.$procmux$3253_CMP0 ($eq).
Removed top 1 bits (of 2) from port B of cell gray_pam4_rx.$procmux$3258_CMP0 ($eq).
Removed top 1 bits (of 2) from port B of cell gray_pam4_rx.$procmux$3263_CMP0 ($eq).
Removed top 1 bits (of 2) from port B of cell gray_pam4_rx.$procmux$3268_CMP0 ($eq).
Removed top 1 bits (of 2) from port B of cell gray_pam4_rx.$procmux$3273_CMP0 ($eq).
Removed top 1 bits (of 2) from port B of cell gray_pam4_rx.$procmux$3278_CMP0 ($eq).
Removed top 1 bits (of 2) from port B of cell gray_pam4_rx.$procmux$3283_CMP0 ($eq).
Removed top 1 bits (of 2) from port B of cell gray_pam4_rx.$procmux$3288_CMP0 ($eq).
Removed top 1 bits (of 2) from port B of cell gray_pam4_rx.$procmux$3293_CMP0 ($eq).
Removed top 1 bits (of 2) from port B of cell gray_pam4_rx.$procmux$3298_CMP0 ($eq).
Removed top 1 bits (of 2) from port B of cell gray_pam4_rx.$procmux$3303_CMP0 ($eq).
Removed top 1 bits (of 2) from port B of cell gray_pam4_rx.$procmux$3308_CMP0 ($eq).
Removed top 1 bits (of 2) from port B of cell gray_pam4_rx.$procmux$3313_CMP0 ($eq).
Removed top 1 bits (of 2) from port B of cell gray_pam4_rx.$procmux$3318_CMP0 ($eq).
Removed top 1 bits (of 2) from port B of cell gray_pam4_rx.$procmux$3323_CMP0 ($eq).
Removed top 1 bits (of 2) from port B of cell gray_pam4_rx.$procmux$3328_CMP0 ($eq).
Removed top 1 bits (of 2) from port B of cell gray_pam4_rx.$procmux$3333_CMP0 ($eq).
Removed top 1 bits (of 2) from port B of cell gray_pam4_tx.$procmux$3338_CMP0 ($eq).
Removed top 1 bits (of 2) from port B of cell gray_pam4_tx.$procmux$3343_CMP0 ($eq).
Removed top 1 bits (of 2) from port B of cell gray_pam4_tx.$procmux$3348_CMP0 ($eq).
Removed top 1 bits (of 2) from port B of cell gray_pam4_tx.$procmux$3353_CMP0 ($eq).
Removed top 1 bits (of 2) from port B of cell gray_pam4_tx.$procmux$3358_CMP0 ($eq).
Removed top 1 bits (of 2) from port B of cell gray_pam4_tx.$procmux$3363_CMP0 ($eq).
Removed top 1 bits (of 2) from port B of cell gray_pam4_tx.$procmux$3368_CMP0 ($eq).
Removed top 1 bits (of 2) from port B of cell gray_pam4_tx.$procmux$3373_CMP0 ($eq).
Removed top 1 bits (of 2) from port B of cell gray_pam4_tx.$procmux$3378_CMP0 ($eq).
Removed top 1 bits (of 2) from port B of cell gray_pam4_tx.$procmux$3383_CMP0 ($eq).
Removed top 1 bits (of 2) from port B of cell gray_pam4_tx.$procmux$3388_CMP0 ($eq).
Removed top 1 bits (of 2) from port B of cell gray_pam4_tx.$procmux$3393_CMP0 ($eq).
Removed top 1 bits (of 2) from port B of cell gray_pam4_tx.$procmux$3398_CMP0 ($eq).
Removed top 1 bits (of 2) from port B of cell gray_pam4_tx.$procmux$3403_CMP0 ($eq).
Removed top 1 bits (of 2) from port B of cell gray_pam4_tx.$procmux$3408_CMP0 ($eq).
Removed top 1 bits (of 2) from port B of cell gray_pam4_tx.$procmux$3413_CMP0 ($eq).
Removed top 1 bits (of 2) from port B of cell gray_pam4_tx.$procmux$3418_CMP0 ($eq).
Removed top 1 bits (of 2) from port B of cell gray_pam4_tx.$procmux$3423_CMP0 ($eq).
Removed top 1 bits (of 2) from port B of cell gray_pam4_tx.$procmux$3428_CMP0 ($eq).
Removed top 1 bits (of 2) from port B of cell gray_pam4_tx.$procmux$3433_CMP0 ($eq).
Removed top 1 bits (of 2) from port B of cell gray_pam4_tx.$procmux$3438_CMP0 ($eq).
Removed top 1 bits (of 2) from port B of cell gray_pam4_tx.$procmux$3443_CMP0 ($eq).
Removed top 1 bits (of 2) from port B of cell gray_pam4_tx.$procmux$3448_CMP0 ($eq).
Removed top 1 bits (of 2) from port B of cell gray_pam4_tx.$procmux$3453_CMP0 ($eq).
Removed top 1 bits (of 2) from port B of cell gray_pam4_tx.$procmux$3458_CMP0 ($eq).
Removed top 1 bits (of 2) from port B of cell gray_pam4_tx.$procmux$3463_CMP0 ($eq).
Removed top 1 bits (of 2) from port B of cell gray_pam4_tx.$procmux$3468_CMP0 ($eq).
Removed top 1 bits (of 2) from port B of cell gray_pam4_tx.$procmux$3473_CMP0 ($eq).
Removed top 1 bits (of 2) from port B of cell gray_pam4_tx.$procmux$3478_CMP0 ($eq).
Removed top 1 bits (of 2) from port B of cell gray_pam4_tx.$procmux$3483_CMP0 ($eq).
Removed top 1 bits (of 2) from port B of cell gray_pam4_tx.$procmux$3488_CMP0 ($eq).
Removed top 1 bits (of 2) from port B of cell gray_pam4_tx.$procmux$3493_CMP0 ($eq).
Removed top 1 bits (of 2) from port B of cell gray_pam4_tx.$procmux$3498_CMP0 ($eq).
Removed top 1 bits (of 2) from port B of cell gray_pam4_tx.$procmux$3503_CMP0 ($eq).
Removed top 1 bits (of 2) from port B of cell gray_pam4_tx.$procmux$3508_CMP0 ($eq).
Removed top 1 bits (of 2) from port B of cell gray_pam4_tx.$procmux$3513_CMP0 ($eq).
Removed top 1 bits (of 2) from port B of cell gray_pam4_tx.$procmux$3518_CMP0 ($eq).
Removed top 1 bits (of 2) from port B of cell gray_pam4_tx.$procmux$3523_CMP0 ($eq).
Removed top 1 bits (of 2) from port B of cell gray_pam4_tx.$procmux$3528_CMP0 ($eq).
Removed top 1 bits (of 2) from port B of cell gray_pam4_tx.$procmux$3533_CMP0 ($eq).
Removed top 1 bits (of 2) from port B of cell gray_pam4_tx.$procmux$3538_CMP0 ($eq).
Removed top 1 bits (of 2) from port B of cell gray_pam4_tx.$procmux$3543_CMP0 ($eq).
Removed top 1 bits (of 2) from port B of cell gray_pam4_tx.$procmux$3548_CMP0 ($eq).
Removed top 1 bits (of 2) from port B of cell gray_pam4_tx.$procmux$3553_CMP0 ($eq).
Removed top 1 bits (of 2) from port B of cell gray_pam4_tx.$procmux$3558_CMP0 ($eq).
Removed top 1 bits (of 2) from port B of cell gray_pam4_tx.$procmux$3563_CMP0 ($eq).
Removed top 1 bits (of 2) from port B of cell gray_pam4_tx.$procmux$3568_CMP0 ($eq).
Removed top 1 bits (of 2) from port B of cell gray_pam4_tx.$procmux$3573_CMP0 ($eq).
Removed top 1 bits (of 2) from port B of cell gray_pam4_tx.$procmux$3578_CMP0 ($eq).
Removed top 1 bits (of 2) from port B of cell gray_pam4_tx.$procmux$3583_CMP0 ($eq).
Removed top 1 bits (of 2) from port B of cell gray_pam4_tx.$procmux$3588_CMP0 ($eq).
Removed top 1 bits (of 2) from port B of cell gray_pam4_tx.$procmux$3593_CMP0 ($eq).
Removed top 1 bits (of 2) from port B of cell gray_pam4_tx.$procmux$3598_CMP0 ($eq).
Removed top 1 bits (of 2) from port B of cell gray_pam4_tx.$procmux$3603_CMP0 ($eq).
Removed top 1 bits (of 2) from port B of cell gray_pam4_tx.$procmux$3608_CMP0 ($eq).
Removed top 1 bits (of 2) from port B of cell gray_pam4_tx.$procmux$3613_CMP0 ($eq).
Removed top 1 bits (of 2) from port B of cell gray_pam4_tx.$procmux$3618_CMP0 ($eq).
Removed top 1 bits (of 2) from port B of cell gray_pam4_tx.$procmux$3623_CMP0 ($eq).
Removed top 1 bits (of 2) from port B of cell gray_pam4_tx.$procmux$3628_CMP0 ($eq).
Removed top 1 bits (of 2) from port B of cell gray_pam4_tx.$procmux$3633_CMP0 ($eq).
Removed top 1 bits (of 2) from port B of cell gray_pam4_tx.$procmux$3638_CMP0 ($eq).
Removed top 1 bits (of 2) from port B of cell gray_pam4_tx.$procmux$3643_CMP0 ($eq).
Removed top 1 bits (of 2) from port B of cell gray_pam4_tx.$procmux$3648_CMP0 ($eq).
Removed top 1 bits (of 2) from port B of cell gray_pam4_tx.$procmux$3653_CMP0 ($eq).
Removed top 1 bits (of 2) from port B of cell gray_pam4_tx.$procmux$3658_CMP0 ($eq).
Removed top 1 bits (of 2) from port B of cell gray_pam4_tx.$procmux$3663_CMP0 ($eq).
Removed top 1 bits (of 2) from port B of cell gray_pam4_tx.$procmux$3668_CMP0 ($eq).
Removed top 1 bits (of 2) from port B of cell gray_pam4_tx.$procmux$3673_CMP0 ($eq).
Removed top 1 bits (of 2) from port B of cell gray_pam4_tx.$procmux$3678_CMP0 ($eq).
Removed top 1 bits (of 2) from port B of cell gray_pam4_tx.$procmux$3683_CMP0 ($eq).
Removed top 1 bits (of 2) from port B of cell gray_pam4_tx.$procmux$3688_CMP0 ($eq).
Removed top 1 bits (of 2) from port B of cell gray_pam4_tx.$procmux$3693_CMP0 ($eq).
Removed top 1 bits (of 2) from port B of cell gray_pam4_tx.$procmux$3698_CMP0 ($eq).
Removed top 1 bits (of 2) from port B of cell gray_pam4_tx.$procmux$3703_CMP0 ($eq).
Removed top 1 bits (of 2) from port B of cell gray_pam4_tx.$procmux$3708_CMP0 ($eq).
Removed top 1 bits (of 2) from port B of cell gray_pam4_tx.$procmux$3713_CMP0 ($eq).
Removed top 1 bits (of 2) from port B of cell gray_pam4_tx.$procmux$3718_CMP0 ($eq).
Removed top 1 bits (of 2) from port B of cell gray_pam4_tx.$procmux$3723_CMP0 ($eq).
Removed top 1 bits (of 2) from port B of cell gray_pam4_tx.$procmux$3728_CMP0 ($eq).
Removed top 1 bits (of 2) from port B of cell gray_pam4_tx.$procmux$3733_CMP0 ($eq).
Removed top 1 bits (of 2) from port B of cell gray_pam4_tx.$procmux$3738_CMP0 ($eq).
Removed top 1 bits (of 2) from port B of cell gray_pam4_tx.$procmux$3743_CMP0 ($eq).
Removed top 1 bits (of 2) from port B of cell gray_pam4_tx.$procmux$3748_CMP0 ($eq).
Removed top 1 bits (of 2) from port B of cell gray_pam4_tx.$procmux$3753_CMP0 ($eq).
Removed top 1 bits (of 2) from port B of cell gray_pam4_tx.$procmux$3758_CMP0 ($eq).
Removed top 1 bits (of 2) from port B of cell gray_pam4_tx.$procmux$3763_CMP0 ($eq).
Removed top 1 bits (of 2) from port B of cell gray_pam4_tx.$procmux$3768_CMP0 ($eq).
Removed top 1 bits (of 2) from port B of cell gray_pam4_tx.$procmux$3773_CMP0 ($eq).
Removed top 1 bits (of 2) from port B of cell gray_pam4_tx.$procmux$3778_CMP0 ($eq).
Removed top 1 bits (of 2) from port B of cell gray_pam4_tx.$procmux$3783_CMP0 ($eq).
Removed top 1 bits (of 2) from port B of cell gray_pam4_tx.$procmux$3788_CMP0 ($eq).
Removed top 1 bits (of 2) from port B of cell gray_pam4_tx.$procmux$3793_CMP0 ($eq).
Removed top 1 bits (of 2) from port B of cell gray_pam4_tx.$procmux$3798_CMP0 ($eq).
Removed top 1 bits (of 2) from port B of cell gray_pam4_tx.$procmux$3803_CMP0 ($eq).
Removed top 1 bits (of 2) from port B of cell gray_pam4_tx.$procmux$3808_CMP0 ($eq).
Removed top 1 bits (of 2) from port B of cell gray_pam4_tx.$procmux$3813_CMP0 ($eq).
Removed top 1 bits (of 2) from port B of cell gray_pam4_tx.$procmux$3818_CMP0 ($eq).
Removed top 1 bits (of 2) from port B of cell gray_pam4_tx.$procmux$3823_CMP0 ($eq).
Removed top 1 bits (of 2) from port B of cell gray_pam4_tx.$procmux$3828_CMP0 ($eq).
Removed top 1 bits (of 2) from port B of cell gray_pam4_tx.$procmux$3833_CMP0 ($eq).
Removed top 1 bits (of 2) from port B of cell gray_pam4_tx.$procmux$3838_CMP0 ($eq).
Removed top 1 bits (of 2) from port B of cell gray_pam4_tx.$procmux$3843_CMP0 ($eq).
Removed top 1 bits (of 2) from port B of cell gray_pam4_tx.$procmux$3848_CMP0 ($eq).
Removed top 1 bits (of 2) from port B of cell gray_pam4_tx.$procmux$3853_CMP0 ($eq).
Removed top 1 bits (of 2) from port B of cell gray_pam4_tx.$procmux$3858_CMP0 ($eq).
Removed top 1 bits (of 2) from port B of cell gray_pam4_tx.$procmux$3863_CMP0 ($eq).
Removed top 1 bits (of 2) from port B of cell gray_pam4_tx.$procmux$3868_CMP0 ($eq).
Removed top 1 bits (of 2) from port B of cell gray_pam4_tx.$procmux$3873_CMP0 ($eq).
Removed top 1 bits (of 2) from port B of cell gray_pam4_tx.$procmux$3878_CMP0 ($eq).
Removed top 1 bits (of 2) from port B of cell gray_pam4_tx.$procmux$3883_CMP0 ($eq).
Removed top 1 bits (of 2) from port B of cell gray_pam4_tx.$procmux$3888_CMP0 ($eq).
Removed top 1 bits (of 2) from port B of cell gray_pam4_tx.$procmux$3893_CMP0 ($eq).
Removed top 1 bits (of 2) from port B of cell gray_pam4_tx.$procmux$3898_CMP0 ($eq).
Removed top 1 bits (of 2) from port B of cell gray_pam4_tx.$procmux$3903_CMP0 ($eq).
Removed top 1 bits (of 2) from port B of cell gray_pam4_tx.$procmux$3908_CMP0 ($eq).
Removed top 1 bits (of 2) from port B of cell gray_pam4_tx.$procmux$3913_CMP0 ($eq).
Removed top 1 bits (of 2) from port B of cell gray_pam4_tx.$procmux$3918_CMP0 ($eq).
Removed top 1 bits (of 2) from port B of cell gray_pam4_tx.$procmux$3923_CMP0 ($eq).
Removed top 1 bits (of 2) from port B of cell gray_pam4_tx.$procmux$3928_CMP0 ($eq).
Removed top 1 bits (of 2) from port B of cell gray_pam4_tx.$procmux$3933_CMP0 ($eq).
Removed top 1 bits (of 2) from port B of cell gray_pam4_tx.$procmux$3938_CMP0 ($eq).
Removed top 1 bits (of 2) from port B of cell gray_pam4_tx.$procmux$3943_CMP0 ($eq).
Removed top 1 bits (of 2) from port B of cell gray_pam4_tx.$procmux$3948_CMP0 ($eq).
Removed top 1 bits (of 2) from port B of cell gray_pam4_tx.$procmux$3953_CMP0 ($eq).
Removed top 1 bits (of 2) from port B of cell gray_pam4_tx.$procmux$3958_CMP0 ($eq).
Removed top 1 bits (of 2) from port B of cell gray_pam4_tx.$procmux$3963_CMP0 ($eq).
Removed top 1 bits (of 2) from port B of cell gray_pam4_tx.$procmux$3968_CMP0 ($eq).
Removed top 1 bits (of 2) from port B of cell gray_pam4_tx.$procmux$3973_CMP0 ($eq).
Removed top 30 bits (of 32) from port B of cell ltssm.$ge$rtl/ltssm.sv:105$8 ($ge).
Removed top 30 bits (of 32) from port B of cell ltssm.$add$rtl/ltssm.sv:107$9 ($add).
Removed top 1 bits (of 6) from port B of cell ltssm.$eq$rtl/ltssm.sv:156$19 ($eq).
Removed top 2 bits (of 6) from port B of cell ltssm.$eq$rtl/ltssm.sv:158$22 ($eq).
Removed top 5 bits (of 6) from port B of cell ltssm.$eq$rtl/ltssm.sv:159$24 ($eq).
Removed top 4 bits (of 6) from port B of cell ltssm.$eq$rtl/ltssm.sv:160$25 ($eq).
Removed top 3 bits (of 6) from port B of cell ltssm.$eq$rtl/ltssm.sv:161$27 ($eq).
Removed top 3 bits (of 6) from port B of cell ltssm.$eq$rtl/ltssm.sv:162$29 ($eq).
Removed top 3 bits (of 6) from port B of cell ltssm.$eq$rtl/ltssm.sv:163$31 ($eq).
Removed top 2 bits (of 6) from port B of cell ltssm.$eq$rtl/ltssm.sv:164$33 ($eq).
Removed top 3 bits (of 6) from port B of cell ltssm.$eq$rtl/ltssm.sv:165$35 ($eq).
Removed top 2 bits (of 6) from port B of cell ltssm.$eq$rtl/ltssm.sv:166$37 ($eq).
Removed top 2 bits (of 6) from port B of cell ltssm.$eq$rtl/ltssm.sv:167$39 ($eq).
Removed top 2 bits (of 3) from port B of cell protocol_to_phy_rx.$auto$opt_dff.cc:195:make_patterns_logic$4559 ($ne).

12.10. Executing PEEPOPT pass (run peephole optimizers).

12.11. Executing OPT_CLEAN pass (remove unused cells and wires).
Finding unused cells or wires in module \gray_pam4_rx..
Finding unused cells or wires in module \gray_pam4_tx..
Finding unused cells or wires in module \lane_destriper..
Finding unused cells or wires in module \lane_scrambler..
Finding unused cells or wires in module \lane_striper..
Finding unused cells or wires in module \ltssm..
Finding unused cells or wires in module \protocol_to_phy_rx..
Finding unused cells or wires in module \protocol_to_phy_top..
Finding unused cells or wires in module \protocol_to_phy_tx..

12.12. Executing ALUMACC pass (create $alu and $macc cells).
Extracting $alu and $macc cells in module gray_pam4_rx:
  created 0 $alu and 0 $macc cells.
Extracting $alu and $macc cells in module gray_pam4_tx:
  created 0 $alu and 0 $macc cells.
Extracting $alu and $macc cells in module lane_destriper:
  created 0 $alu and 0 $macc cells.
Extracting $alu and $macc cells in module lane_scrambler:
  created 0 $alu and 0 $macc cells.
Extracting $alu and $macc cells in module lane_striper:
  created 0 $alu and 0 $macc cells.
Extracting $alu and $macc cells in module ltssm:
  creating $macc model for $add$rtl/ltssm.sv:107$9 ($add).
  creating $alu model for $macc $add$rtl/ltssm.sv:107$9.
  creating $alu model for $ge$rtl/ltssm.sv:105$8 ($ge): new $alu
  creating $alu cell for $ge$rtl/ltssm.sv:105$8: $auto$alumacc.cc:485:replace_alu$4567
  creating $alu cell for $add$rtl/ltssm.sv:107$9: $auto$alumacc.cc:485:replace_alu$4578
  created 2 $alu and 0 $macc cells.
Extracting $alu and $macc cells in module protocol_to_phy_rx:
  created 0 $alu and 0 $macc cells.
Extracting $alu and $macc cells in module protocol_to_phy_top:
  created 0 $alu and 0 $macc cells.
Extracting $alu and $macc cells in module protocol_to_phy_tx:
  created 0 $alu and 0 $macc cells.

12.13. Executing SHARE pass (SAT-based resource sharing).

12.14. Executing OPT pass (performing simple optimizations).

12.14.1. Executing OPT_EXPR pass (perform const folding).
Optimizing module gray_pam4_rx.
Optimizing module gray_pam4_tx.
Optimizing module lane_destriper.
Optimizing module lane_scrambler.
Optimizing module lane_striper.
Optimizing module ltssm.
Optimizing module protocol_to_phy_rx.
Optimizing module protocol_to_phy_top.
Optimizing module protocol_to_phy_tx.

12.14.2. Executing OPT_MERGE pass (detect identical cells).
Finding identical cells in module `\gray_pam4_rx'.
Finding identical cells in module `\gray_pam4_tx'.
Finding identical cells in module `\lane_destriper'.
Finding identical cells in module `\lane_scrambler'.
Finding identical cells in module `\lane_striper'.
Finding identical cells in module `\ltssm'.
Finding identical cells in module `\protocol_to_phy_rx'.
Finding identical cells in module `\protocol_to_phy_top'.
Finding identical cells in module `\protocol_to_phy_tx'.
Removed a total of 0 cells.

12.14.3. Executing OPT_MUXTREE pass (detect dead branches in mux trees).
Running muxtree optimizer on module \gray_pam4_rx..
  Creating internal representation of mux trees.
  Evaluating internal representation of mux trees.
  Analyzing evaluation results.
Running muxtree optimizer on module \gray_pam4_tx..
  Creating internal representation of mux trees.
  Evaluating internal representation of mux trees.
  Analyzing evaluation results.
Running muxtree optimizer on module \lane_destriper..
  Creating internal representation of mux trees.
  No muxes found in this module.
Running muxtree optimizer on module \lane_scrambler..
  Creating internal representation of mux trees.
  No muxes found in this module.
Running muxtree optimizer on module \lane_striper..
  Creating internal representation of mux trees.
  No muxes found in this module.
Running muxtree optimizer on module \ltssm..
  Creating internal representation of mux trees.
  Evaluating internal representation of mux trees.
  Analyzing evaluation results.
Running muxtree optimizer on module \protocol_to_phy_rx..
  Creating internal representation of mux trees.
  Evaluating internal representation of mux trees.
  Analyzing evaluation results.
Running muxtree optimizer on module \protocol_to_phy_top..
  Creating internal representation of mux trees.
  No muxes found in this module.
Running muxtree optimizer on module \protocol_to_phy_tx..
  Creating internal representation of mux trees.
  Evaluating internal representation of mux trees.
  Analyzing evaluation results.
Removed 0 multiplexer ports.
<suppressed ~262 debug messages>

12.14.4. Executing OPT_REDUCE pass (consolidate $*mux and $reduce_* inputs).
  Optimizing cells in module \gray_pam4_rx.
  Optimizing cells in module \gray_pam4_tx.
  Optimizing cells in module \lane_destriper.
  Optimizing cells in module \lane_scrambler.
  Optimizing cells in module \lane_striper.
  Optimizing cells in module \ltssm.
  Optimizing cells in module \protocol_to_phy_rx.
  Optimizing cells in module \protocol_to_phy_top.
  Optimizing cells in module \protocol_to_phy_tx.
Performed a total of 0 changes.

12.14.5. Executing OPT_MERGE pass (detect identical cells).
Finding identical cells in module `\gray_pam4_rx'.
Finding identical cells in module `\gray_pam4_tx'.
Finding identical cells in module `\lane_destriper'.
Finding identical cells in module `\lane_scrambler'.
Finding identical cells in module `\lane_striper'.
Finding identical cells in module `\ltssm'.
Finding identical cells in module `\protocol_to_phy_rx'.
Finding identical cells in module `\protocol_to_phy_top'.
Finding identical cells in module `\protocol_to_phy_tx'.
Removed a total of 0 cells.

12.14.6. Executing OPT_DFF pass (perform DFF optimizations).

12.14.7. Executing OPT_CLEAN pass (remove unused cells and wires).
Finding unused cells or wires in module \gray_pam4_rx..
Finding unused cells or wires in module \gray_pam4_tx..
Finding unused cells or wires in module \lane_destriper..
Finding unused cells or wires in module \lane_scrambler..
Finding unused cells or wires in module \lane_striper..
Finding unused cells or wires in module \ltssm..
Finding unused cells or wires in module \protocol_to_phy_rx..
Finding unused cells or wires in module \protocol_to_phy_top..
Finding unused cells or wires in module \protocol_to_phy_tx..
Removed 0 unused cells and 1 unused wires.
<suppressed ~1 debug messages>

12.14.8. Executing OPT_EXPR pass (perform const folding).
Optimizing module gray_pam4_rx.
Optimizing module gray_pam4_tx.
Optimizing module lane_destriper.
Optimizing module lane_scrambler.
Optimizing module lane_striper.
Optimizing module ltssm.
Optimizing module protocol_to_phy_rx.
Optimizing module protocol_to_phy_top.
Optimizing module protocol_to_phy_tx.

12.14.9. Rerunning OPT passes. (Maybe there is more to do..)

12.14.10. Executing OPT_MUXTREE pass (detect dead branches in mux trees).
Running muxtree optimizer on module \gray_pam4_rx..
  Creating internal representation of mux trees.
  Evaluating internal representation of mux trees.
  Analyzing evaluation results.
Running muxtree optimizer on module \gray_pam4_tx..
  Creating internal representation of mux trees.
  Evaluating internal representation of mux trees.
  Analyzing evaluation results.
Running muxtree optimizer on module \lane_destriper..
  Creating internal representation of mux trees.
  No muxes found in this module.
Running muxtree optimizer on module \lane_scrambler..
  Creating internal representation of mux trees.
  No muxes found in this module.
Running muxtree optimizer on module \lane_striper..
  Creating internal representation of mux trees.
  No muxes found in this module.
Running muxtree optimizer on module \ltssm..
  Creating internal representation of mux trees.
  Evaluating internal representation of mux trees.
  Analyzing evaluation results.
Running muxtree optimizer on module \protocol_to_phy_rx..
  Creating internal representation of mux trees.
  Evaluating internal representation of mux trees.
  Analyzing evaluation results.
Running muxtree optimizer on module \protocol_to_phy_top..
  Creating internal representation of mux trees.
  No muxes found in this module.
Running muxtree optimizer on module \protocol_to_phy_tx..
  Creating internal representation of mux trees.
  Evaluating internal representation of mux trees.
  Analyzing evaluation results.
Removed 0 multiplexer ports.
<suppressed ~262 debug messages>

12.14.11. Executing OPT_REDUCE pass (consolidate $*mux and $reduce_* inputs).
  Optimizing cells in module \gray_pam4_rx.
  Optimizing cells in module \gray_pam4_tx.
  Optimizing cells in module \lane_destriper.
  Optimizing cells in module \lane_scrambler.
  Optimizing cells in module \lane_striper.
  Optimizing cells in module \ltssm.
  Optimizing cells in module \protocol_to_phy_rx.
  Optimizing cells in module \protocol_to_phy_top.
  Optimizing cells in module \protocol_to_phy_tx.
Performed a total of 0 changes.

12.14.12. Executing OPT_MERGE pass (detect identical cells).
Finding identical cells in module `\gray_pam4_rx'.
Finding identical cells in module `\gray_pam4_tx'.
Finding identical cells in module `\lane_destriper'.
Finding identical cells in module `\lane_scrambler'.
Finding identical cells in module `\lane_striper'.
Finding identical cells in module `\ltssm'.
Finding identical cells in module `\protocol_to_phy_rx'.
Finding identical cells in module `\protocol_to_phy_top'.
Finding identical cells in module `\protocol_to_phy_tx'.
Removed a total of 0 cells.

12.14.13. Executing OPT_DFF pass (perform DFF optimizations).

12.14.14. Executing OPT_CLEAN pass (remove unused cells and wires).
Finding unused cells or wires in module \gray_pam4_rx..
Finding unused cells or wires in module \gray_pam4_tx..
Finding unused cells or wires in module \lane_destriper..
Finding unused cells or wires in module \lane_scrambler..
Finding unused cells or wires in module \lane_striper..
Finding unused cells or wires in module \ltssm..
Finding unused cells or wires in module \protocol_to_phy_rx..
Finding unused cells or wires in module \protocol_to_phy_top..
Finding unused cells or wires in module \protocol_to_phy_tx..

12.14.15. Executing OPT_EXPR pass (perform const folding).
Optimizing module gray_pam4_rx.
Optimizing module gray_pam4_tx.
Optimizing module lane_destriper.
Optimizing module lane_scrambler.
Optimizing module lane_striper.
Optimizing module ltssm.
Optimizing module protocol_to_phy_rx.
Optimizing module protocol_to_phy_top.
Optimizing module protocol_to_phy_tx.

12.14.16. Finished OPT passes. (There is nothing left to do.)

12.15. Executing MEMORY pass.

12.15.1. Executing OPT_MEM pass (optimize memories).
Performed a total of 0 transformations.

12.15.2. Executing OPT_MEM_PRIORITY pass (removing unnecessary memory write priority relations).
Performed a total of 0 transformations.

12.15.3. Executing OPT_MEM_FEEDBACK pass (finding memory read-to-write feedback paths).

12.15.4. Executing MEMORY_BMUX2ROM pass (converting muxes to ROMs).

12.15.5. Executing MEMORY_DFF pass (merging $dff cells to $memrd).

12.15.6. Executing OPT_CLEAN pass (remove unused cells and wires).
Finding unused cells or wires in module \gray_pam4_rx..
Finding unused cells or wires in module \gray_pam4_tx..
Finding unused cells or wires in module \lane_destriper..
Finding unused cells or wires in module \lane_scrambler..
Finding unused cells or wires in module \lane_striper..
Finding unused cells or wires in module \ltssm..
Finding unused cells or wires in module \protocol_to_phy_rx..
Finding unused cells or wires in module \protocol_to_phy_top..
Finding unused cells or wires in module \protocol_to_phy_tx..

12.15.7. Executing MEMORY_SHARE pass (consolidating $memrd/$memwr cells).

12.15.8. Executing OPT_MEM_WIDEN pass (optimize memories where all ports are wide).
Performed a total of 0 transformations.

12.15.9. Executing OPT_CLEAN pass (remove unused cells and wires).
Finding unused cells or wires in module \gray_pam4_rx..
Finding unused cells or wires in module \gray_pam4_tx..
Finding unused cells or wires in module \lane_destriper..
Finding unused cells or wires in module \lane_scrambler..
Finding unused cells or wires in module \lane_striper..
Finding unused cells or wires in module \ltssm..
Finding unused cells or wires in module \protocol_to_phy_rx..
Finding unused cells or wires in module \protocol_to_phy_top..
Finding unused cells or wires in module \protocol_to_phy_tx..

12.15.10. Executing MEMORY_COLLECT pass (generating $mem cells).

12.16. Executing OPT_CLEAN pass (remove unused cells and wires).
Finding unused cells or wires in module \gray_pam4_rx..
Finding unused cells or wires in module \gray_pam4_tx..
Finding unused cells or wires in module \lane_destriper..
Finding unused cells or wires in module \lane_scrambler..
Finding unused cells or wires in module \lane_striper..
Finding unused cells or wires in module \ltssm..
Finding unused cells or wires in module \protocol_to_phy_rx..
Finding unused cells or wires in module \protocol_to_phy_top..
Finding unused cells or wires in module \protocol_to_phy_tx..

12.17. Executing OPT pass (performing simple optimizations).

12.17.1. Executing OPT_EXPR pass (perform const folding).
Optimizing module gray_pam4_rx.
Optimizing module gray_pam4_tx.
Optimizing module lane_destriper.
Optimizing module lane_scrambler.
Optimizing module lane_striper.
Optimizing module ltssm.
<suppressed ~5 debug messages>
Optimizing module protocol_to_phy_rx.
<suppressed ~4 debug messages>
Optimizing module protocol_to_phy_top.
Optimizing module protocol_to_phy_tx.
<suppressed ~2 debug messages>

12.17.2. Executing OPT_MERGE pass (detect identical cells).
Finding identical cells in module `\gray_pam4_rx'.
Finding identical cells in module `\gray_pam4_tx'.
Finding identical cells in module `\lane_destriper'.
Finding identical cells in module `\lane_scrambler'.
Finding identical cells in module `\lane_striper'.
Finding identical cells in module `\ltssm'.
Finding identical cells in module `\protocol_to_phy_rx'.
Finding identical cells in module `\protocol_to_phy_top'.
Finding identical cells in module `\protocol_to_phy_tx'.
Removed a total of 0 cells.

12.17.3. Executing OPT_DFF pass (perform DFF optimizations).

12.17.4. Executing OPT_CLEAN pass (remove unused cells and wires).
Finding unused cells or wires in module \gray_pam4_rx..
Finding unused cells or wires in module \gray_pam4_tx..
Finding unused cells or wires in module \lane_destriper..
Finding unused cells or wires in module \lane_scrambler..
Finding unused cells or wires in module \lane_striper..
Finding unused cells or wires in module \ltssm..
Finding unused cells or wires in module \protocol_to_phy_rx..
Finding unused cells or wires in module \protocol_to_phy_top..
Finding unused cells or wires in module \protocol_to_phy_tx..
Removed 1 unused cells and 7 unused wires.
<suppressed ~4 debug messages>

12.17.5. Finished fast OPT passes.

12.18. Executing MEMORY_MAP pass (converting memories to logic and flip-flops).

12.19. Executing OPT pass (performing simple optimizations).

12.19.1. Executing OPT_EXPR pass (perform const folding).
Optimizing module gray_pam4_rx.
Optimizing module gray_pam4_tx.
Optimizing module lane_destriper.
Optimizing module lane_scrambler.
Optimizing module lane_striper.
Optimizing module ltssm.
Optimizing module protocol_to_phy_rx.
Optimizing module protocol_to_phy_top.
Optimizing module protocol_to_phy_tx.

12.19.2. Executing OPT_MERGE pass (detect identical cells).
Finding identical cells in module `\gray_pam4_rx'.
Finding identical cells in module `\gray_pam4_tx'.
Finding identical cells in module `\lane_destriper'.
Finding identical cells in module `\lane_scrambler'.
Finding identical cells in module `\lane_striper'.
Finding identical cells in module `\ltssm'.
Finding identical cells in module `\protocol_to_phy_rx'.
Finding identical cells in module `\protocol_to_phy_top'.
Finding identical cells in module `\protocol_to_phy_tx'.
Removed a total of 0 cells.

12.19.3. Executing OPT_MUXTREE pass (detect dead branches in mux trees).
Running muxtree optimizer on module \gray_pam4_rx..
  Creating internal representation of mux trees.
  Evaluating internal representation of mux trees.
  Analyzing evaluation results.
Running muxtree optimizer on module \gray_pam4_tx..
  Creating internal representation of mux trees.
  Evaluating internal representation of mux trees.
  Analyzing evaluation results.
Running muxtree optimizer on module \lane_destriper..
  Creating internal representation of mux trees.
  No muxes found in this module.
Running muxtree optimizer on module \lane_scrambler..
  Creating internal representation of mux trees.
  No muxes found in this module.
Running muxtree optimizer on module \lane_striper..
  Creating internal representation of mux trees.
  No muxes found in this module.
Running muxtree optimizer on module \ltssm..
  Creating internal representation of mux trees.
  Evaluating internal representation of mux trees.
  Analyzing evaluation results.
Running muxtree optimizer on module \protocol_to_phy_rx..
  Creating internal representation of mux trees.
  No muxes found in this module.
Running muxtree optimizer on module \protocol_to_phy_top..
  Creating internal representation of mux trees.
  No muxes found in this module.
Running muxtree optimizer on module \protocol_to_phy_tx..
  Creating internal representation of mux trees.
  No muxes found in this module.
Removed 0 multiplexer ports.
<suppressed ~260 debug messages>

12.19.4. Executing OPT_REDUCE pass (consolidate $*mux and $reduce_* inputs).
  Optimizing cells in module \gray_pam4_rx.
  Optimizing cells in module \gray_pam4_tx.
  Optimizing cells in module \lane_destriper.
  Optimizing cells in module \lane_scrambler.
  Optimizing cells in module \lane_striper.
  Optimizing cells in module \ltssm.
    Consolidated identical input bits for $mux cell $procmux$4495:
      Old ports: A=6'000001, B=6'100000, Y=$2\state_d[5:0]
      New ports: A=2'01, B=2'10, Y={ $2\state_d[5:0] [5] $2\state_d[5:0] [0] }
      New connections: $2\state_d[5:0] [4:1] = 4'0000
    New ctrl vector for $pmux cell $procmux$4518: { $eq$rtl/ltssm.sv:161$27_Y $eq$rtl/ltssm.sv:167$39_Y $auto$opt_reduce.cc:134:opt_pmux$4545 }
  Optimizing cells in module \ltssm.
  Optimizing cells in module \protocol_to_phy_rx.
  Optimizing cells in module \protocol_to_phy_top.
  Optimizing cells in module \protocol_to_phy_tx.
Performed a total of 2 changes.

12.19.5. Executing OPT_MERGE pass (detect identical cells).
Finding identical cells in module `\gray_pam4_rx'.
Finding identical cells in module `\gray_pam4_tx'.
Finding identical cells in module `\lane_destriper'.
Finding identical cells in module `\lane_scrambler'.
Finding identical cells in module `\lane_striper'.
Finding identical cells in module `\ltssm'.
Finding identical cells in module `\protocol_to_phy_rx'.
Finding identical cells in module `\protocol_to_phy_top'.
Finding identical cells in module `\protocol_to_phy_tx'.
Removed a total of 0 cells.

12.19.6. Executing OPT_SHARE pass.

12.19.7. Executing OPT_DFF pass (perform DFF optimizations).

12.19.8. Executing OPT_CLEAN pass (remove unused cells and wires).
Finding unused cells or wires in module \gray_pam4_rx..
Finding unused cells or wires in module \gray_pam4_tx..
Finding unused cells or wires in module \lane_destriper..
Finding unused cells or wires in module \lane_scrambler..
Finding unused cells or wires in module \lane_striper..
Finding unused cells or wires in module \ltssm..
Finding unused cells or wires in module \protocol_to_phy_rx..
Finding unused cells or wires in module \protocol_to_phy_top..
Finding unused cells or wires in module \protocol_to_phy_tx..

12.19.9. Executing OPT_EXPR pass (perform const folding).
Optimizing module gray_pam4_rx.
Optimizing module gray_pam4_tx.
Optimizing module lane_destriper.
Optimizing module lane_scrambler.
Optimizing module lane_striper.
Optimizing module ltssm.
Optimizing module protocol_to_phy_rx.
Optimizing module protocol_to_phy_top.
Optimizing module protocol_to_phy_tx.

12.19.10. Rerunning OPT passes. (Maybe there is more to do..)

12.19.11. Executing OPT_MUXTREE pass (detect dead branches in mux trees).
Running muxtree optimizer on module \gray_pam4_rx..
  Creating internal representation of mux trees.
  Evaluating internal representation of mux trees.
  Analyzing evaluation results.
Running muxtree optimizer on module \gray_pam4_tx..
  Creating internal representation of mux trees.
  Evaluating internal representation of mux trees.
  Analyzing evaluation results.
Running muxtree optimizer on module \lane_destriper..
  Creating internal representation of mux trees.
  No muxes found in this module.
Running muxtree optimizer on module \lane_scrambler..
  Creating internal representation of mux trees.
  No muxes found in this module.
Running muxtree optimizer on module \lane_striper..
  Creating internal representation of mux trees.
  No muxes found in this module.
Running muxtree optimizer on module \ltssm..
  Creating internal representation of mux trees.
  Evaluating internal representation of mux trees.
  Analyzing evaluation results.
Running muxtree optimizer on module \protocol_to_phy_rx..
  Creating internal representation of mux trees.
  No muxes found in this module.
Running muxtree optimizer on module \protocol_to_phy_top..
  Creating internal representation of mux trees.
  No muxes found in this module.
Running muxtree optimizer on module \protocol_to_phy_tx..
  Creating internal representation of mux trees.
  No muxes found in this module.
Removed 0 multiplexer ports.
<suppressed ~260 debug messages>

12.19.12. Executing OPT_REDUCE pass (consolidate $*mux and $reduce_* inputs).
  Optimizing cells in module \gray_pam4_rx.
  Optimizing cells in module \gray_pam4_tx.
  Optimizing cells in module \lane_destriper.
  Optimizing cells in module \lane_scrambler.
  Optimizing cells in module \lane_striper.
  Optimizing cells in module \ltssm.
  Optimizing cells in module \protocol_to_phy_rx.
  Optimizing cells in module \protocol_to_phy_top.
  Optimizing cells in module \protocol_to_phy_tx.
Performed a total of 0 changes.

12.19.13. Executing OPT_MERGE pass (detect identical cells).
Finding identical cells in module `\gray_pam4_rx'.
Finding identical cells in module `\gray_pam4_tx'.
Finding identical cells in module `\lane_destriper'.
Finding identical cells in module `\lane_scrambler'.
Finding identical cells in module `\lane_striper'.
Finding identical cells in module `\ltssm'.
Finding identical cells in module `\protocol_to_phy_rx'.
Finding identical cells in module `\protocol_to_phy_top'.
Finding identical cells in module `\protocol_to_phy_tx'.
Removed a total of 0 cells.

12.19.14. Executing OPT_SHARE pass.

12.19.15. Executing OPT_DFF pass (perform DFF optimizations).

12.19.16. Executing OPT_CLEAN pass (remove unused cells and wires).
Finding unused cells or wires in module \gray_pam4_rx..
Finding unused cells or wires in module \gray_pam4_tx..
Finding unused cells or wires in module \lane_destriper..
Finding unused cells or wires in module \lane_scrambler..
Finding unused cells or wires in module \lane_striper..
Finding unused cells or wires in module \ltssm..
Finding unused cells or wires in module \protocol_to_phy_rx..
Finding unused cells or wires in module \protocol_to_phy_top..
Finding unused cells or wires in module \protocol_to_phy_tx..

12.19.17. Executing OPT_EXPR pass (perform const folding).
Optimizing module gray_pam4_rx.
Optimizing module gray_pam4_tx.
Optimizing module lane_destriper.
Optimizing module lane_scrambler.
Optimizing module lane_striper.
Optimizing module ltssm.
Optimizing module protocol_to_phy_rx.
Optimizing module protocol_to_phy_top.
Optimizing module protocol_to_phy_tx.

12.19.18. Finished OPT passes. (There is nothing left to do.)

12.20. Executing TECHMAP pass (map to technology primitives).

12.20.1. Executing Verilog-2005 frontend: /usr/bin/../share/yosys/techmap.v
Parsing Verilog input from `/usr/bin/../share/yosys/techmap.v' to AST representation.
Generating RTLIL representation for module `\_90_simplemap_bool_ops'.
Generating RTLIL representation for module `\_90_simplemap_reduce_ops'.
Generating RTLIL representation for module `\_90_simplemap_logic_ops'.
Generating RTLIL representation for module `\_90_simplemap_compare_ops'.
Generating RTLIL representation for module `\_90_simplemap_various'.
Generating RTLIL representation for module `\_90_simplemap_registers'.
Generating RTLIL representation for module `\_90_shift_ops_shr_shl_sshl_sshr'.
Generating RTLIL representation for module `\_90_shift_shiftx'.
Generating RTLIL representation for module `\_90_fa'.
Generating RTLIL representation for module `\_90_lcu'.
Generating RTLIL representation for module `\_90_alu'.
Generating RTLIL representation for module `\_90_macc'.
Generating RTLIL representation for module `\_90_alumacc'.
Generating RTLIL representation for module `\$__div_mod_u'.
Generating RTLIL representation for module `\$__div_mod_trunc'.
Generating RTLIL representation for module `\_90_div'.
Generating RTLIL representation for module `\_90_mod'.
Generating RTLIL representation for module `\$__div_mod_floor'.
Generating RTLIL representation for module `\_90_divfloor'.
Generating RTLIL representation for module `\_90_modfloor'.
Generating RTLIL representation for module `\_90_pow'.
Generating RTLIL representation for module `\_90_pmux'.
Generating RTLIL representation for module `\_90_demux'.
Generating RTLIL representation for module `\_90_lut'.
Successfully finished Verilog frontend.

12.20.2. Continuing TECHMAP pass.
Using extmapper simplemap for cells of type $reduce_and.
Using extmapper simplemap for cells of type $logic_and.
Using extmapper simplemap for cells of type $logic_not.
Using extmapper simplemap for cells of type $and.
Using extmapper simplemap for cells of type $adffe.
Using extmapper simplemap for cells of type $adff.
Using extmapper simplemap for cells of type $ne.
Using extmapper simplemap for cells of type $logic_or.
Using extmapper simplemap for cells of type $not.
Using template $paramod$6412f7f13655de512a17af2c71a87b50b4a57324\_90_alu for cells of type $alu.
Using extmapper simplemap for cells of type $eq.
Using extmapper simplemap for cells of type $reduce_or.
Using extmapper simplemap for cells of type $xor.
Using template $paramod$06a9a25e193457b564e50ab7b7ad40e176246e9c\_90_alu for cells of type $alu.
Using extmapper simplemap for cells of type $mux.
Using template $paramod$2955522131ef406f11ec019369eac20ebbd5ea36\_90_pmux for cells of type $pmux.
Using template $paramod$54d740639e1393b22262823179ff783ea9f17a35\_90_pmux for cells of type $pmux.
Using extmapper simplemap for cells of type $pos.
Using template $paramod\_90_lcu\WIDTH=32'00000000000000000000000000011111 for cells of type $lcu.
Using template $paramod\_90_lcu\WIDTH=32'00000000000000000000000000100000 for cells of type $lcu.
Using extmapper simplemap for cells of type $or.
Using template $paramod$97565c3687be688407d1272a293bd9d0ae6852dc\_90_pmux for cells of type $pmux.
No more expansions possible.
<suppressed ~5208 debug messages>

12.21. Executing OPT pass (performing simple optimizations).

12.21.1. Executing OPT_EXPR pass (perform const folding).
Optimizing module gray_pam4_rx.
<suppressed ~1792 debug messages>
Optimizing module gray_pam4_tx.
<suppressed ~1664 debug messages>
Optimizing module lane_destriper.
Optimizing module lane_scrambler.
Optimizing module lane_striper.
Optimizing module ltssm.
<suppressed ~476 debug messages>
Optimizing module protocol_to_phy_rx.
<suppressed ~3 debug messages>
Optimizing module protocol_to_phy_top.
Optimizing module protocol_to_phy_tx.

12.21.2. Executing OPT_MERGE pass (detect identical cells).
Finding identical cells in module `\gray_pam4_rx'.
<suppressed ~384 debug messages>
Finding identical cells in module `\gray_pam4_tx'.
<suppressed ~384 debug messages>
Finding identical cells in module `\lane_destriper'.
Finding identical cells in module `\lane_scrambler'.
Finding identical cells in module `\lane_striper'.
Finding identical cells in module `\ltssm'.
<suppressed ~303 debug messages>
Finding identical cells in module `\protocol_to_phy_rx'.
<suppressed ~3 debug messages>
Finding identical cells in module `\protocol_to_phy_top'.
Finding identical cells in module `\protocol_to_phy_tx'.
<suppressed ~3 debug messages>
Removed a total of 359 cells.

12.21.3. Executing OPT_DFF pass (perform DFF optimizations).

12.21.4. Executing OPT_CLEAN pass (remove unused cells and wires).
Finding unused cells or wires in module \gray_pam4_rx..
Finding unused cells or wires in module \gray_pam4_tx..
Finding unused cells or wires in module \lane_destriper..
Finding unused cells or wires in module \lane_scrambler..
Finding unused cells or wires in module \lane_striper..
Finding unused cells or wires in module \ltssm..
Finding unused cells or wires in module \protocol_to_phy_rx..
Finding unused cells or wires in module \protocol_to_phy_top..
Finding unused cells or wires in module \protocol_to_phy_tx..
Removed 56 unused cells and 6724 unused wires.
<suppressed ~61 debug messages>

12.21.5. Finished fast OPT passes.

12.22. Executing HIERARCHY pass (managing design hierarchy).

12.22.1. Analyzing design hierarchy..
Top module:  \protocol_to_phy_top
Used module:     \ltssm
Used module:     \protocol_to_phy_rx
Used module:         \lane_scrambler
Used module:         \lane_destriper
Used module:         \gray_pam4_rx
Used module:     \protocol_to_phy_tx
Used module:         \gray_pam4_tx
Used module:         \lane_striper

12.22.2. Analyzing design hierarchy..
Top module:  \protocol_to_phy_top
Used module:     \ltssm
Used module:     \protocol_to_phy_rx
Used module:         \lane_scrambler
Used module:         \lane_destriper
Used module:         \gray_pam4_rx
Used module:     \protocol_to_phy_tx
Used module:         \gray_pam4_tx
Used module:         \lane_striper
Removed 0 unused modules.

12.23. Printing statistics.

=== gray_pam4_rx ===

   Number of wires:               1157
   Number of wire bits:           2596
   Number of public wires:           5
   Number of public wire bits:     548
   Number of memories:               0
   Number of memory bits:            0
   Number of processes:              0
   Number of cells:               1536
     $_MUX_                        256
     $_NOT_                        640
     $_OR_                         640

=== gray_pam4_tx ===

   Number of wires:               1157
   Number of wire bits:           2724
   Number of public wires:           5
   Number of public wire bits:     548
   Number of memories:               0
   Number of memory bits:            0
   Number of processes:              0
   Number of cells:               1536
     $_MUX_                        256
     $_NOT_                        640
     $_OR_                         640

=== lane_destriper ===

   Number of wires:                  3
   Number of wire bits:            544
   Number of public wires:           3
   Number of public wire bits:     544
   Number of memories:               0
   Number of memory bits:            0
   Number of processes:              0
   Number of cells:                  0

=== lane_scrambler ===

   Number of wires:                788
   Number of wire bits:          18897
   Number of public wires:         546
   Number of public wire bits:   13331
   Number of memories:               0
   Number of memory bits:            0
   Number of processes:              0
   Number of cells:               1628
     $_DFFE_PN0P_                   44
     $_DFFE_PN1P_                   48
     $_XOR_                       1536

=== lane_striper ===

   Number of wires:                  3
   Number of wire bits:            544
   Number of public wires:           3
   Number of public wire bits:     544
   Number of memories:               0
   Number of memory bits:            0
   Number of processes:              0
   Number of cells:                  0

=== ltssm ===

   Number of wires:                209
   Number of wire bits:           1093
   Number of public wires:          21
   Number of public wire bits:      98
   Number of memories:               0
   Number of memory bits:            0
   Number of processes:              0
   Number of cells:                901
     $_AND_                        272
     $_DFFE_PN0P_                   32
     $_DFF_PN0_                      6
     $_MUX_                        300
     $_NOT_                         54
     $_OR_                         197
     $_XOR_                         40

=== protocol_to_phy_rx ===

   Number of wires:                 21
   Number of wire bits:           1553
   Number of public wires:          14
   Number of public wire bits:    1544
   Number of memories:               0
   Number of memory bits:            0
   Number of processes:              0
   Number of cells:                270
     $_AND_                          5
     $_DFFE_PN0P_                  257
     $_NOT_                          2
     $_OR_                           3
     gray_pam4_rx                    1
     lane_destriper                  1
     lane_scrambler                  1

=== protocol_to_phy_top ===

   Number of wires:                 28
   Number of wire bits:           1056
   Number of public wires:          28
   Number of public wire bits:    1056
   Number of memories:               0
   Number of memory bits:            0
   Number of processes:              0
   Number of cells:                  3
     ltssm                           1
     protocol_to_phy_rx              1
     protocol_to_phy_tx              1

=== protocol_to_phy_tx ===

   Number of wires:                 17
   Number of wire bits:           1550
   Number of public wires:          14
   Number of public wire bits:    1547
   Number of memories:               0
   Number of memory bits:            0
   Number of processes:              0
   Number of cells:                265
     $_AND_                          4
     $_DFFE_PN0P_                  256
     $_DFF_PN0_                      1
     $_NOT_                          1
     gray_pam4_tx                    1
     lane_scrambler                  1
     lane_striper                    1

=== design hierarchy ===

   protocol_to_phy_top               1
     ltssm                           1
     protocol_to_phy_rx              1
       gray_pam4_rx                  1
       lane_destriper                1
       lane_scrambler                1
     protocol_to_phy_tx              1
       gray_pam4_tx                  1
       lane_scrambler                1
       lane_striper                  1

   Number of wires:               4171
   Number of wire bits:          49454
   Number of public wires:        1185
   Number of public wire bits:   33091
   Number of memories:               0
   Number of memory bits:            0
   Number of processes:              0
   Number of cells:               7758
     $_AND_                        281
     $_DFFE_PN0P_                  633
     $_DFFE_PN1P_                   96
     $_DFF_PN0_                      7
     $_MUX_                        812
     $_NOT_                       1337
     $_OR_                        1480
     $_XOR_                       3112

12.24. Executing CHECK pass (checking for obvious problems).
Checking module gray_pam4_rx...
Checking module gray_pam4_tx...
Checking module lane_destriper...
Checking module lane_scrambler...
Checking module lane_striper...
Checking module ltssm...
Checking module protocol_to_phy_rx...
Checking module protocol_to_phy_top...
Checking module protocol_to_phy_tx...
Found and reported 0 problems.

13. Executing CHECK pass (checking for obvious problems).
Checking module gray_pam4_rx...
Checking module gray_pam4_tx...
Checking module lane_destriper...
Checking module lane_scrambler...
Checking module lane_striper...
Checking module ltssm...
Checking module protocol_to_phy_rx...
Checking module protocol_to_phy_top...
Checking module protocol_to_phy_tx...
Found and reported 0 problems.

14. Printing statistics.

=== gray_pam4_rx ===

   Number of wires:               1157
   Number of wire bits:           2596
   Number of public wires:           5
   Number of public wire bits:     548
   Number of memories:               0
   Number of memory bits:            0
   Number of processes:              0
   Number of cells:               1536
     $_MUX_                        256
     $_NOT_                        640
     $_OR_                         640

=== gray_pam4_tx ===

   Number of wires:               1157
   Number of wire bits:           2724
   Number of public wires:           5
   Number of public wire bits:     548
   Number of memories:               0
   Number of memory bits:            0
   Number of processes:              0
   Number of cells:               1536
     $_MUX_                        256
     $_NOT_                        640
     $_OR_                         640

=== lane_destriper ===

   Number of wires:                  3
   Number of wire bits:            544
   Number of public wires:           3
   Number of public wire bits:     544
   Number of memories:               0
   Number of memory bits:            0
   Number of processes:              0
   Number of cells:                  0

=== lane_scrambler ===

   Number of wires:                788
   Number of wire bits:          18897
   Number of public wires:         546
   Number of public wire bits:   13331
   Number of memories:               0
   Number of memory bits:            0
   Number of processes:              0
   Number of cells:               1628
     $_DFFE_PN0P_                   44
     $_DFFE_PN1P_                   48
     $_XOR_                       1536

=== lane_striper ===

   Number of wires:                  3
   Number of wire bits:            544
   Number of public wires:           3
   Number of public wire bits:     544
   Number of memories:               0
   Number of memory bits:            0
   Number of processes:              0
   Number of cells:                  0

=== ltssm ===

   Number of wires:                209
   Number of wire bits:           1093
   Number of public wires:          21
   Number of public wire bits:      98
   Number of memories:               0
   Number of memory bits:            0
   Number of processes:              0
   Number of cells:                901
     $_AND_                        272
     $_DFFE_PN0P_                   32
     $_DFF_PN0_                      6
     $_MUX_                        300
     $_NOT_                         54
     $_OR_                         197
     $_XOR_                         40

=== protocol_to_phy_rx ===

   Number of wires:                 21
   Number of wire bits:           1553
   Number of public wires:          14
   Number of public wire bits:    1544
   Number of memories:               0
   Number of memory bits:            0
   Number of processes:              0
   Number of cells:                270
     $_AND_                          5
     $_DFFE_PN0P_                  257
     $_NOT_                          2
     $_OR_                           3
     gray_pam4_rx                    1
     lane_destriper                  1
     lane_scrambler                  1

=== protocol_to_phy_top ===

   Number of wires:                 28
   Number of wire bits:           1056
   Number of public wires:          28
   Number of public wire bits:    1056
   Number of memories:               0
   Number of memory bits:            0
   Number of processes:              0
   Number of cells:                  3
     ltssm                           1
     protocol_to_phy_rx              1
     protocol_to_phy_tx              1

=== protocol_to_phy_tx ===

   Number of wires:                 17
   Number of wire bits:           1550
   Number of public wires:          14
   Number of public wire bits:    1547
   Number of memories:               0
   Number of memory bits:            0
   Number of processes:              0
   Number of cells:                265
     $_AND_                          4
     $_DFFE_PN0P_                  256
     $_DFF_PN0_                      1
     $_NOT_                          1
     gray_pam4_tx                    1
     lane_scrambler                  1
     lane_striper                    1

=== design hierarchy ===

   protocol_to_phy_top               1
     ltssm                           1
     protocol_to_phy_rx              1
       gray_pam4_rx                  1
       lane_destriper                1
       lane_scrambler                1
     protocol_to_phy_tx              1
       gray_pam4_tx                  1
       lane_scrambler                1
       lane_striper                  1

   Number of wires:               4171
   Number of wire bits:          49454
   Number of public wires:        1185
   Number of public wire bits:   33091
   Number of memories:               0
   Number of memory bits:            0
   Number of processes:              0
   Number of cells:               7758
     $_AND_                        281
     $_DFFE_PN0P_                  633
     $_DFFE_PN1P_                   96
     $_DFF_PN0_                      7
     $_MUX_                        812
     $_NOT_                       1337
     $_OR_                        1480
     $_XOR_                       3112

Warnings: 2 unique messages, 2 total
End of script. Logfile hash: 71542aafac, CPU: user 5.44s system 0.30s, MEM: 65.95 MB peak
Yosys 0.33 (git sha1 2584903a060)
Time spent: 32% 21x read_verilog (1 sec), 18% 21x opt_expr (1 sec), ...
